formula_key,brand,formula_name,species,format,kcal_per_100g,kcal_per_kg,calculation_note,source_url,recommended_action
equilibrio-skin-and-digestion-salmon-dog-dry-gr-gatoskilo,Equilibrio,Skin & Digestion Salmon,dog,dry,365,3650,kcal_estimated=true; kcal_estimation_method=modified_atwater; estimated_carbohydrate_percent=38,https://www.gatoskilo.gr/ksira-trofi-skyloy/10272-equilibrio-skin-digestion-salmon-2kg.html,Keep as review-safe estimate until official label kcal is found.
equilibrio-reduced-calorie-dog-dry-gr-gatoskilo,Equilibrio,Reduced Calorie,dog,dry,328.3,3283,kcal_estimated=true; kcal_estimation_method=modified_atwater; estimated_carbohydrate_percent=42.5,https://www.gatoskilo.gr/ksira-trofi-skyloy/10276-equilibrio-reduced-calorie-12kg.html,Keep as review-safe estimate until official label kcal is found.
versele-laga-opti-life-adult-skin-care-mini-dog-dry-gr-gatoskilo,Versele Laga,Opti Life Adult Skin Care Mini,dog,dry,367.1,3671,kcal_estimated=true; kcal_estimation_method=modified_atwater; estimated_carbohydrate_percent=39.6,https://www.gatoskilo.gr/ksira-trofi-skyloy/10668-opti-life-adult-skin-care-mini-75kg.html,Keep as review-safe estimate until official label kcal is found.
josera-bavaro-force-dog-dry-gr-gatoskilo,Josera,Bavaro Force,dog,dry,366,3660,kcal_estimated=true; kcal_estimation_method=modified_atwater; estimated_carbohydrate_percent=37.7,https://www.gatoskilo.gr/ksira-trofi-skyloy/10799-josera-bavaro-force-18kg.html,Keep as review-safe estimate until official label kcal is found.
canagan-small-breed-dental-for-dogs-dog-dry-gr-gatoskilo,Canagan,Small Breed Dental for Dogs,dog,dry,279.3,2793,kcal_estimated=true; kcal_estimation_method=modified_atwater; estimated_carbohydrate_percent=44.6,https://www.gatoskilo.gr/ksira-trofi-skyloy/10896-canagan-small-breed-dental-for-dogs-2kg.html,Keep as review-safe estimate until official label kcal is found.
ambrosia-grain-free-adult-mini-senior-light-sterilised-fresh-salmon-and-turkey-dog-dry-gr-gatoskilo,Ambrosia,Grain Free Adult Mini Senior Light Sterilised Fresh Salmon & Turkey,dog,dry,274.5,2745,kcal_estimated=true; kcal_estimation_method=modified_atwater; estimated_carbohydrate_percent=54.7,https://www.gatoskilo.gr/ksira-trofi-skyloy/17663-ambrosia-grain-free-adult-mini-senior-light-sterilised-fresh-salmon-turkey-5kg.html,Keep as review-safe estimate until official label kcal is found.
amity-adult-mini-dog-dry-gr-gatoskilo,Amity,Adult Mini,dog,dry,340.7,3407,kcal_estimated=true; kcal_estimation_method=modified_atwater; estimated_carbohydrate_percent=40.2,https://www.gatoskilo.gr/ksira-trofi-skyloy/19232-amity-adult-mini-10kg.html,Keep as review-safe estimate until official label kcal is found.
royal-canin-vet-diet-dog-sensitivity-control-dog-dry-gr-gatoskilo,Royal Canin,Vet Diet Dog Sensitivity Control,dog,dry,275.3,2753,kcal_estimated=true; kcal_estimation_method=modified_atwater; estimated_carbohydrate_percent=56,https://www.gatoskilo.gr/kliniki-ksiri-trofi-skyloy/22242-royal-canin-vet-diet-dog-sensitivity-control-14kg.html,Keep as review-safe estimate until official label kcal is found.
nature-s-protection-white-dog-insect-grain-free-adult-mini-dog-dry-gr-gatoskilo,Nature,'s Protection White Dog Insect Grain Free Adult Mini,dog,dry,284.7,2847,kcal_estimated=true; kcal_estimation_method=modified_atwater; estimated_carbohydrate_percent=54,https://www.gatoskilo.gr/ksira-trofi-skyloy/22407-nature-s-protection-white-dog-insect-grain-free-adult-mini-15kg.html,Keep as review-safe estimate until official label kcal is found.
nature-s-protection-red-coat-salmon-grain-free-adult-mini-dog-dry-gr-gatoskilo,Nature,'s Protection Red Coat Salmon Grain Free Adult Mini,dog,dry,278.9,2789,kcal_estimated=true; kcal_estimation_method=modified_atwater; estimated_carbohydrate_percent=50.7,https://www.gatoskilo.gr/ksira-trofi-skyloy/22413-nature-s-protection-red-coat-salmon-grain-free-adult-mini-15kg.html,Keep as review-safe estimate until official label kcal is found.
aatu-chicken-complete-dog-dry-gr-gatoskilo,AATU,Chicken Complete,dog,dry,292.5,2925,kcal_estimated=true; kcal_estimation_method=modified_atwater; estimated_carbohydrate_percent=48.9,https://www.gatoskilo.gr/ksira-trofi-skyloy/4279-aatu-chicken-complete-10kg.html,Keep as review-safe estimate until official label kcal is found.
happy-dog-piemonte-dog-dry-gr-gatoskilo,Happy Dog,Piemonte,dog,dry,280.8,2808,kcal_estimated=true; kcal_estimation_method=modified_atwater; estimated_carbohydrate_percent=54,https://www.gatoskilo.gr/ksira-trofi-skyloy/7214-happy-dog-piemonte-4kg.html,Keep as review-safe estimate until official label kcal is found.
barking-heads-fuss-pot-duck-dog-dry-gr-gatoskilo,Barking Heads,Fuss Pot Duck,dog,dry,363,3630,kcal_estimated=true; kcal_estimation_method=modified_atwater; estimated_carbohydrate_percent=36,https://www.gatoskilo.gr/ksira-trofi-skyloy/7787-barking-heads-fuss-pot-duck-12kg.html,Keep as review-safe estimate until official label kcal is found.
amity-iberian-pork-dog-dry-gr-gatoskilo,Amity,Iberian Pork,dog,dry,336.5,3365,kcal_estimated=true; kcal_estimation_method=modified_atwater; estimated_carbohydrate_percent=42,https://www.gatoskilo.gr/ksira-trofi-skyloy/8263-amity-iberian-pork-15kg.html,Keep as review-safe estimate until official label kcal is found.
meradog-pure-sensitive-grain-free-fresh-meat-turkey-and-potato-dog-dry-gr-gatoskilo,Meradog,Pure Sensitive Grain-Free Fresh Meat Turkey & Potato,dog,dry,342.9,3429,kcal_estimated=true; kcal_estimation_method=modified_atwater; estimated_carbohydrate_percent=44.6,https://www.gatoskilo.gr/ksira-trofi-skyloy/8343-meradog-pure-sensitive-grain-free-fresh-meat-turkey-potato-125kg.html,Keep as review-safe estimate until official label kcal is found.
happy-dog-vet-diet-hepatic-dog-dry-gr-gatoskilo,Happy Dog,Vet Diet Hepatic,dog,dry,368.8,3688,kcal_estimated=true; kcal_estimation_method=modified_atwater; estimated_carbohydrate_percent=50.5,https://www.gatoskilo.gr/kliniki-ksiri-trofi-skyloy/8655-happy-dog-vet-diet-hepatic-4kg.html,Keep as review-safe estimate until official label kcal is found.
trainer-natural-trainer-mini-maturity-κοτοπουλο-dog-dry-gr-gatoskilo,Trainer,Natural Trainer Mini Maturity Κοτόπουλο,dog,dry,294.9,2949,kcal_estimated=true; kcal_estimation_method=modified_atwater; estimated_carbohydrate_percent=56.2,https://www.gatoskilo.gr/ksira-trofi-skyloy/8714-natural-trainer-mini-maturity-κοτόπουλο-2kg.html,Keep as review-safe estimate until official label kcal is found.
aatu-duck-complete-dog-dry-gr-gatoskilo,AATU,Duck Complete,dog,dry,287,2870,kcal_estimated=true; kcal_estimation_method=modified_atwater; estimated_carbohydrate_percent=45.6,https://www.gatoskilo.gr/ksira-trofi-skyloy/4280-aatu-duck-complete-15kg.html,Keep as review-safe estimate until official label kcal is found.
aatu-salmon-for-puppies-cat-dry-gr-gatoskilo,AATU,Salmon For Puppies,cat,dry,300.1,3001,kcal_estimated=true; kcal_estimation_method=modified_atwater; estimated_carbohydrate_percent=42.6,https://www.gatoskilo.gr/ksira-trofi-skyloy/4284-aatu-salmon-for-puppies-15kg.html,Keep as review-safe estimate until official label kcal is found.
acana-free-run-duck-dog-dry-gr-gatoskilo,Acana,Free Run Duck,dog,dry,339.3,3393,kcal_estimated=true; kcal_estimation_method=modified_atwater; estimated_carbohydrate_percent=29.5,https://www.gatoskilo.gr/ksira-trofi-skyloy/10301-acana-free-run-duck-114kg.html,Keep as review-safe estimate until official label kcal is found.
ambrosia-grain-free-adult-beef-and-fresh-salmon-cat-dry-gr-gatoskilo,Ambrosia,Grain Free Adult Beef & Fresh Salmon,cat,dry,284.8,2848,kcal_estimated=true; kcal_estimation_method=modified_atwater; estimated_carbohydrate_percent=49.9,https://www.gatoskilo.gr/ksira-trofi-skyloy/16205-ambrosia-grain-free-adult-beef-fresh-salmon-12kg.html,Keep as review-safe estimate until official label kcal is found.
ambrosia-grain-free-adult-sensitive-fresh-turkey-and-rabbit-cat-dry-gr-gatoskilo,Ambrosia,Grain Free Adult Sensitive Fresh Turkey & Rabbit,cat,dry,381.8,3818,kcal_estimated=true; kcal_estimation_method=modified_atwater; estimated_carbohydrate_percent=30.5,https://www.gatoskilo.gr/ksira-trofi-skyloy/16207-ambrosia-grain-free-adult-sensitive-fresh-turkey-rabbit-12kg.html,Keep as review-safe estimate until official label kcal is found.
amity-lamb-and-rice-dog-dry-gr-gatoskilo,Amity,Lamb & Rice,dog,dry,336.5,3365,kcal_estimated=true; kcal_estimation_method=modified_atwater; estimated_carbohydrate_percent=42,https://www.gatoskilo.gr/ksira-trofi-skyloy/8267-amity-lamb-rice-15kg.html,Keep as review-safe estimate until official label kcal is found.
amity-salmon-and-rice-dog-dry-gr-gatoskilo,Amity,Salmon & Rice,dog,dry,336.5,3365,kcal_estimated=true; kcal_estimation_method=modified_atwater; estimated_carbohydrate_percent=42,https://www.gatoskilo.gr/ksira-trofi-skyloy/8265-amity-salmon-rice-15kg.html,Keep as review-safe estimate until official label kcal is found.
amity-senior-and-light-dog-dry-gr-gatoskilo,Amity,Senior & Light,dog,dry,319.8,3198,kcal_estimated=true; kcal_estimation_method=modified_atwater; estimated_carbohydrate_percent=45.5,https://www.gatoskilo.gr/ksira-trofi-skyloy/8269-amity-senior-light-15kg.html,Keep as review-safe estimate until official label kcal is found.
banters-adult-grain-free-chicken-and-potato-dog-dry-gr-gatoskilo,Banters,Adult Grain Free Chicken & Potato,dog,dry,277.3,2773,kcal_estimated=true; kcal_estimation_method=modified_atwater; estimated_carbohydrate_percent=51.5,https://www.gatoskilo.gr/ksira-trofi-skyloy/9943-banters-adult-grain-free-chicken-potato-15kg.html,Keep as review-safe estimate until official label kcal is found.
banters-adult-large-chicken-and-rice-dog-dry-gr-gatoskilo,Banters,Adult Large Chicken & Rice,dog,dry,276.3,2763,kcal_estimated=true; kcal_estimation_method=modified_atwater; estimated_carbohydrate_percent=54.2,https://www.gatoskilo.gr/ksira-trofi-skyloy/9937-banters-adult-large-chicken-rice-15kg.html,Keep as review-safe estimate until official label kcal is found.
banters-adult-mini-chicken-and-rice-dog-dry-gr-gatoskilo,Banters,Adult Mini Chicken & Rice,dog,dry,362.9,3629,kcal_estimated=true; kcal_estimation_method=modified_atwater; estimated_carbohydrate_percent=35.4,https://www.gatoskilo.gr/ksira-trofi-skyloy/9934-banters-adult-mini-chicken-rice-8kg.html,Keep as review-safe estimate until official label kcal is found.
banters-senior-light-chicken-and-rice-dog-dry-gr-gatoskilo,Banters,Senior Light Chicken & Rice,dog,dry,319.5,3195,kcal_estimated=true; kcal_estimation_method=modified_atwater; estimated_carbohydrate_percent=47,https://www.gatoskilo.gr/ksira-trofi-skyloy/9939-banters-senior-light-chicken-rice-15kg.html,Keep as review-safe estimate until official label kcal is found.
barking-heads-bowl-lickin-chicken-dog-dry-gr-gatoskilo,Barking Heads,Bowl Lickin' Chicken,dog,dry,291.5,2915,kcal_estimated=true; kcal_estimation_method=modified_atwater; estimated_carbohydrate_percent=49,https://www.gatoskilo.gr/ksira-trofi-skyloy/7789-barking-heads-bowl-lickin-chicken-12kg.html,Keep as review-safe estimate until official label kcal is found.
barking-heads-doggylicious-duck-small-breed-dog-dry-gr-gatoskilo,Barking Heads,Doggylicious Duck - Small Breed,dog,dry,280.5,2805,kcal_estimated=true; kcal_estimation_method=modified_atwater; estimated_carbohydrate_percent=54.2,https://www.gatoskilo.gr/ksira-trofi-skyloy/7792-barking-heads-doggylicious-duck-small-breed-15kg.html,Keep as review-safe estimate until official label kcal is found.
barking-heads-fat-dog-slim-chicken-dog-dry-gr-gatoskilo,Barking Heads,Fat Dog Slim Chicken,dog,dry,320.5,3205,kcal_estimated=true; kcal_estimation_method=modified_atwater; estimated_carbohydrate_percent=44.5,https://www.gatoskilo.gr/ksira-trofi-skyloy/7775-barking-heads-fat-dog-slim-chicken-2kg.html,Keep as review-safe estimate until official label kcal is found.
barking-heads-golden-years-dog-dry-gr-gatoskilo,Barking Heads,Golden Years,dog,dry,328.3,3283,kcal_estimated=true; kcal_estimation_method=modified_atwater; estimated_carbohydrate_percent=44.5,https://www.gatoskilo.gr/ksira-trofi-skyloy/7782-barking-heads-golden-years-12kg.html,Keep as review-safe estimate until official label kcal is found.
barking-heads-hair-necessities-salmon-dog-dry-gr-gatoskilo,Barking Heads,Hair Necessities Salmon,dog,dry,343.3,3433,kcal_estimated=true; kcal_estimation_method=modified_atwater; estimated_carbohydrate_percent=42.5,https://www.gatoskilo.gr/ksira-trofi-skyloy/7780-barking-heads-hair-necessities-salmon-12kg.html,Keep as review-safe estimate until official label kcal is found.
barking-heads-little-paws-bowl-lickin-chicken-small-breed-dog-dry-gr-gatoskilo,Barking Heads,Little Paws Bowl Lickin' Chicken - Small Breed,dog,dry,282.5,2825,kcal_estimated=true; kcal_estimation_method=modified_atwater; estimated_carbohydrate_percent=54.5,https://www.gatoskilo.gr/ksira-trofi-skyloy/7794-barking-heads-little-paws-bowl-lickin-chicken-small-breed-15kg.html,Keep as review-safe estimate until official label kcal is found.
bedog-prime-dog-dry-gr-gatoskilo,Bedog,Prime,dog,dry,331.3,3313,kcal_estimated=true; kcal_estimation_method=modified_atwater; estimated_carbohydrate_percent=40.5,https://www.gatoskilo.gr/ksira-trofi-skyloy/20945-bedog-prime-15kg.html,Keep as review-safe estimate until official label kcal is found.
belcando-adult-dinner-dog-dry-gr-gatoskilo,Belcando,Adult Dinner,dog,dry,331.1,3311,kcal_estimated=true; kcal_estimation_method=modified_atwater; estimated_carbohydrate_percent=46.1,https://www.gatoskilo.gr/ksira-trofi-skyloy/11232-belcando-adult-dinner-125kg.html,Keep as review-safe estimate until official label kcal is found.
belcando-adult-grain-free-beef-dog-dry-gr-gatoskilo,Belcando,Adult Grain Free Beef,dog,dry,343.3,3433,kcal_estimated=true; kcal_estimation_method=modified_atwater; estimated_carbohydrate_percent=43,https://www.gatoskilo.gr/ksira-trofi-skyloy/11861-belcando-adult-grain-free-beef-125kg.html,Keep as review-safe estimate until official label kcal is found.
belcando-adult-grain-free-ocean-dog-dry-gr-gatoskilo,Belcando,Adult Grain Free Ocean,dog,dry,351.2,3512,kcal_estimated=true; kcal_estimation_method=modified_atwater; estimated_carbohydrate_percent=38.9,https://www.gatoskilo.gr/ksira-trofi-skyloy/11847-belcando-adult-grain-free-ocean-125kg.html,Keep as review-safe estimate until official label kcal is found.
belcando-adult-lamb-and-rice-dog-dry-gr-gatoskilo,Belcando,Adult Lamb & Rice,dog,dry,341.8,3418,kcal_estimated=true; kcal_estimation_method=modified_atwater; estimated_carbohydrate_percent=44.3,https://www.gatoskilo.gr/ksira-trofi-skyloy/11238-belcando-adult-lamb-rice-125kg.html,Keep as review-safe estimate until official label kcal is found.
belcando-adult-light-dog-dry-gr-gatoskilo,Belcando,Adult Light,dog,dry,319.8,3198,kcal_estimated=true; kcal_estimation_method=modified_atwater; estimated_carbohydrate_percent=49.7,https://www.gatoskilo.gr/ksira-trofi-skyloy/11853-belcando-adult-light-125kg.html,Keep as review-safe estimate until official label kcal is found.
belcando-finest-croc-dog-dry-gr-gatoskilo,Belcando,Finest Croc,dog,dry,377.6,3776,kcal_estimated=true; kcal_estimation_method=modified_atwater; estimated_carbohydrate_percent=30.3,https://www.gatoskilo.gr/ksira-trofi-skyloy/11239-belcando-finest-croc-1kg.html,Keep as review-safe estimate until official label kcal is found.
belcando-finest-grain-free-lamb-dog-dry-gr-gatoskilo,Belcando,Finest Grain Free Lamb,dog,dry,348,3480,kcal_estimated=true; kcal_estimation_method=modified_atwater; estimated_carbohydrate_percent=39.2,https://www.gatoskilo.gr/ksira-trofi-skyloy/11262-belcando-finest-grain-free-lamb-1kg.html,Keep as review-safe estimate until official label kcal is found.
belcando-finest-grain-free-salmon-dog-dry-gr-gatoskilo,Belcando,Finest Grain Free Salmon,dog,dry,351.9,3519,kcal_estimated=true; kcal_estimation_method=modified_atwater; estimated_carbohydrate_percent=38.6,https://www.gatoskilo.gr/ksira-trofi-skyloy/11265-belcando-finest-grain-free-salmon-1kg.html,Keep as review-safe estimate until official label kcal is found.
belcando-finest-light-dog-dry-gr-gatoskilo,Belcando,Finest Light,dog,dry,319.8,3198,kcal_estimated=true; kcal_estimation_method=modified_atwater; estimated_carbohydrate_percent=50,https://www.gatoskilo.gr/ksira-trofi-skyloy/11852-belcando-finest-light-125kg.html,Keep as review-safe estimate until official label kcal is found.
belcando-mastercraft-fresh-beef-dog-dry-gr-gatoskilo,Belcando Mastercraft,Fresh Beef,dog,dry,355.7,3557,kcal_estimated=true; kcal_estimation_method=modified_atwater; estimated_carbohydrate_percent=38.2,https://www.gatoskilo.gr/ksira-trofi-skyloy/8175-belcando-mastercraft-fresh-beef-22kg.html,Keep as review-safe estimate until official label kcal is found.
belcando-puppy-gravy-dog-dry-gr-gatoskilo,Belcando,Puppy Gravy,dog,dry,370.3,3703,kcal_estimated=true; kcal_estimation_method=modified_atwater; estimated_carbohydrate_percent=35.5,https://www.gatoskilo.gr/ksira-trofi-skyloy/11221-belcando-puppy-gravy-1kg.html,Keep as review-safe estimate until official label kcal is found.
belcando-senior-sensitive-dog-dry-gr-gatoskilo,Belcando,Senior Sensitive,dog,dry,331.8,3318,kcal_estimated=true; kcal_estimation_method=modified_atwater; estimated_carbohydrate_percent=51,https://www.gatoskilo.gr/ksira-trofi-skyloy/11850-belcando-senior-sensitive-125kg.html,Keep as review-safe estimate until official label kcal is found.
brekkies-dog-delicious-beef-dog-dry-gr-gatoskilo,Brekkies,Dog Delicious Beef,dog,dry,323,3230,kcal_estimated=true; kcal_estimation_method=modified_atwater; estimated_carbohydrate_percent=46.5,https://www.gatoskilo.gr/ksira-trofi-skyloy/17008-brekkies-dog-delicious-beef-725kg.html,Keep as review-safe estimate until official label kcal is found.
brekkies-dog-delicious-salmon-dog-dry-gr-gatoskilo,Brekkies,Dog Delicious Salmon,dog,dry,320.5,3205,kcal_estimated=true; kcal_estimation_method=modified_atwater; estimated_carbohydrate_percent=45.8,https://www.gatoskilo.gr/ksira-trofi-skyloy/19643-brekkies-dog-delicious-salmon-725kg.html,Keep as review-safe estimate until official label kcal is found.
canagan-country-game-for-dogs-dog-dry-gr-gatoskilo,Canagan,Country Game for Dogs,dog,dry,279.3,2793,kcal_estimated=true; kcal_estimation_method=modified_atwater; estimated_carbohydrate_percent=41.6,https://www.gatoskilo.gr/ksira-trofi-skyloy/3098-canagan-country-game-for-dogs-12kg.html,Keep as review-safe estimate until official label kcal is found.
canagan-free-run-chicken-for-dogs-dog-dry-gr-gatoskilo,Canagan,Free - Run Chicken for Dogs,dog,dry,281,2810,kcal_estimated=true; kcal_estimation_method=modified_atwater; estimated_carbohydrate_percent=45.1,https://www.gatoskilo.gr/ksira-trofi-skyloy/3090-canagan-free-run-chicken-for-dogs-12kg.html,Keep as review-safe estimate until official label kcal is found.
canagan-free-range-chicken-for-puppies-dog-dry-gr-gatoskilo,Canagan,Free Range Chicken for Puppies,dog,dry,280.5,2805,kcal_estimated=true; kcal_estimation_method=modified_atwater; estimated_carbohydrate_percent=44.2,https://www.gatoskilo.gr/ksira-trofi-skyloy/20901-canagan-free-range-chicken-for-puppies-2kg.html,Keep as review-safe estimate until official label kcal is found.
canagan-free-range-turkey-dental-for-dogs-dog-dry-gr-gatoskilo,Canagan,Free Range Turkey Dental for Dogs,dog,dry,279.3,2793,kcal_estimated=true; kcal_estimation_method=modified_atwater; estimated_carbohydrate_percent=44.6,https://www.gatoskilo.gr/ksira-trofi-skyloy/7465-canagan-free-range-turkey-dental-for-dogs-12kg.html,Keep as review-safe estimate until official label kcal is found.
canagan-grass-fed-lamb-for-dogs-dog-dry-gr-gatoskilo,Canagan,Grass Fed Lamb for Dogs,dog,dry,267.8,2678,kcal_estimated=true; kcal_estimation_method=modified_atwater; estimated_carbohydrate_percent=43.3,https://www.gatoskilo.gr/ksira-trofi-skyloy/3103-canagan-grass-fed-lamb-for-dogs-12kg.html,Keep as review-safe estimate until official label kcal is found.
canagan-highland-feast-for-dogs-dog-dry-gr-gatoskilo,Canagan,Highland Feast for Dogs,dog,dry,277.5,2775,kcal_estimated=true; kcal_estimation_method=modified_atwater; estimated_carbohydrate_percent=43.6,https://www.gatoskilo.gr/ksira-trofi-skyloy/7516-canagan-highland-feast-for-dogs-12kg.html,Keep as review-safe estimate until official label kcal is found.
canagan-light-senior-for-dogs-dog-dry-gr-gatoskilo,Canagan,Light/Senior for Dogs,dog,dry,285.8,2858,kcal_estimated=true; kcal_estimation_method=modified_atwater; estimated_carbohydrate_percent=43.3,https://www.gatoskilo.gr/ksira-trofi-skyloy/3100-canagan-light-senior-for-dogs-12kg.html,Keep as review-safe estimate until official label kcal is found.
canagan-scottish-salmon-for-dogs-dog-dry-gr-gatoskilo,Canagan,Scottish Salmon for Dogs,dog,dry,281,2810,kcal_estimated=true; kcal_estimation_method=modified_atwater; estimated_carbohydrate_percent=45.1,https://www.gatoskilo.gr/ksira-trofi-skyloy/3096-canagan-scottish-salmon-for-dogs-12kg.html,Keep as review-safe estimate until official label kcal is found.
canagan-small-breed-country-game-for-dogs-dog-dry-gr-gatoskilo,Canagan,Small Breed Country Game for Dogs,dog,dry,279.3,2793,kcal_estimated=true; kcal_estimation_method=modified_atwater; estimated_carbohydrate_percent=41.6,https://www.gatoskilo.gr/ksira-trofi-skyloy/3094-canagan-small-breed-country-game-for-dogs-2kg.html,Keep as review-safe estimate until official label kcal is found.
canagan-small-breed-free-run-chicken-for-dogs-dog-dry-gr-gatoskilo,Canagan,Small Breed Free - Run Chicken for Dogs,dog,dry,281,2810,kcal_estimated=true; kcal_estimation_method=modified_atwater; estimated_carbohydrate_percent=45.1,https://www.gatoskilo.gr/ksira-trofi-skyloy/3092-canagan-small-breed-free-run-chicken-for-dogs-2kg.html,Keep as review-safe estimate until official label kcal is found.
canagan-small-breed-scottish-salmon-for-dogs-dog-dry-gr-gatoskilo,Canagan,Small Breed Scottish Salmon for Dogs,dog,dry,281,2810,kcal_estimated=true; kcal_estimation_method=modified_atwater; estimated_carbohydrate_percent=45.1,https://www.gatoskilo.gr/ksira-trofi-skyloy/10897-canagan-small-breed-scottish-salmon-for-dogs-2kg.html,Keep as review-safe estimate until official label kcal is found.
dr-clauder-dr-clauder-s-best-choice-adult-sensitive-lamb-and-rice-dog-dry-gr-gatoskilo,Dr. Clauder,Dr Clauder's Best Choice Adult Sensitive Lamb & Rice,dog,dry,328.3,3283,kcal_estimated=true; kcal_estimation_method=modified_atwater; estimated_carbohydrate_percent=46.5,https://www.gatoskilo.gr/ksira-trofi-skyloy/18067-dr-clauder-s-best-choice-adult-sensitive-lamb-rice-125kg.html,Keep as review-safe estimate until official label kcal is found.
dr-clauder-dr-clauder-s-dog-kidney-diet-dog-dry-gr-gatoskilo,Dr. Clauder,Dr Clauder's Dog Kidney Diet,dog,dry,296.3,2963,kcal_estimated=true; kcal_estimation_method=modified_atwater; estimated_carbohydrate_percent=70.4,https://www.gatoskilo.gr/kliniki-ksiri-trofi-skyloy/18116-dr-clauder-s-dog-kidney-diet-4kg.html,Keep as review-safe estimate until official label kcal is found.
dr-clauder-dr-clauder-s-dog-skin-and-coat-diet-dog-dry-gr-gatoskilo,Dr. Clauder,Dr Clauder's Dog Skin & Coat Diet,dog,dry,296.2,2962,kcal_estimated=true; kcal_estimation_method=modified_atwater; estimated_carbohydrate_percent=59.7,https://www.gatoskilo.gr/kliniki-ksiri-trofi-skyloy/18114-dr-clauder-s-dog-skin-coat-diet-4kg.html,Keep as review-safe estimate until official label kcal is found.
dr-clauder-dr-clauder-s-wild-life-grain-free-lamb-dog-dry-gr-gatoskilo,Dr. Clauder,Dr Clauder's Wild Life Grain Free Lamb,dog,dry,350.8,3508,kcal_estimated=true; kcal_estimation_method=modified_atwater; estimated_carbohydrate_percent=37.8,https://www.gatoskilo.gr/ksira-trofi-skyloy/18084-dr-clauder-s-wild-life-grain-free-lamb-115kg.html,Keep as review-safe estimate until official label kcal is found.
equilibrio-adult-medium-breed-δωρο-dog-dry-gr-gatoskilo,Equilibrio,Adult Medium Breed + ΔΩΡΟ,dog,dry,356.8,3568,kcal_estimated=true; kcal_estimation_method=modified_atwater; estimated_carbohydrate_percent=40.5,https://www.gatoskilo.gr/ksira-trofi-skyloy/10280-equilibrio-adult-medium-breed-12kg-2kg-doro.html,Keep as review-safe estimate until official label kcal is found.
equilibrio-adult-small-breed-dog-dry-gr-gatoskilo,Equilibrio,Adult Small Breed,dog,dry,366.8,3668,kcal_estimated=true; kcal_estimation_method=modified_atwater; estimated_carbohydrate_percent=37.5,https://www.gatoskilo.gr/ksira-trofi-skyloy/10273-equilibrio-adult-small-breed-75kg.html,Keep as review-safe estimate until official label kcal is found.
equilibrio-puppy-small-breed-dog-dry-gr-gatoskilo,Equilibrio,Puppy Small Breed,dog,dry,378.5,3785,kcal_estimated=true; kcal_estimation_method=modified_atwater; estimated_carbohydrate_percent=33,https://www.gatoskilo.gr/ksira-trofi-skyloy/10274-equilibrio-puppy-small-breed-75kg.html,Keep as review-safe estimate until official label kcal is found.
europremium-adult-derma-grain-free-dog-dry-gr-gatoskilo,Europremium,Adult Derma Grain Free,dog,dry,284.8,2848,kcal_estimated=true; kcal_estimation_method=modified_atwater; estimated_carbohydrate_percent=49.8,https://www.gatoskilo.gr/ksira-trofi-skyloy/19480-europremium-adult-derma-10kg-grain-free.html,Keep as review-safe estimate until official label kcal is found.
europremium-adult-sterilized-grain-free-dog-dry-gr-gatoskilo,Europremium,Adult Sterilized Grain Free,dog,dry,328.9,3289,kcal_estimated=true; kcal_estimation_method=modified_atwater; estimated_carbohydrate_percent=42.1,https://www.gatoskilo.gr/ksira-trofi-skyloy/19478-europremium-adult-sterilized-10kg-grain-free.html,Keep as review-safe estimate until official label kcal is found.
europremium-medium-puppy-chicken-and-rice-dog-dry-gr-gatoskilo,Europremium,Medium Puppy Chicken & Rice,dog,dry,361.8,3618,kcal_estimated=true; kcal_estimation_method=modified_atwater; estimated_carbohydrate_percent=36.5,https://www.gatoskilo.gr/ksira-trofi-skyloy/19468-europremium-medium-puppy-chicken-rice-12kg.html,Keep as review-safe estimate until official label kcal is found.
europremium-small-adult-chicken-and-rice-dog-dry-gr-gatoskilo,Europremium,Small Adult Chicken & Rice,dog,dry,366.8,3668,kcal_estimated=true; kcal_estimation_method=modified_atwater; estimated_carbohydrate_percent=36.5,https://www.gatoskilo.gr/ksira-trofi-skyloy/19465-europremium-small-adult-chicken-rice-3kg.html,Keep as review-safe estimate until official label kcal is found.
fish4dogs-finest-salmon-adult-large-dog-dry-gr-gatoskilo,Fish4Dogs,Finest Salmon Adult Large,dog,dry,289.5,2895,kcal_estimated=true; kcal_estimation_method=modified_atwater; estimated_carbohydrate_percent=52.1,https://www.gatoskilo.gr/ksira-trofi-skyloy/11307-fish4dogs-finest-salmon-adult-large-12kg.html,Keep as review-safe estimate until official label kcal is found.
fish4dogs-finest-salmon-adult-small-dog-dry-gr-gatoskilo,Fish4Dogs,Finest Salmon Adult Small,dog,dry,289.5,2895,kcal_estimated=true; kcal_estimation_method=modified_atwater; estimated_carbohydrate_percent=52.1,https://www.gatoskilo.gr/ksira-trofi-skyloy/11309-fish4dogs-finest-salmon-adult-small-6kg.html,Keep as review-safe estimate until official label kcal is found.
fish4dogs-ocean-white-fish-adult-large-dog-dry-gr-gatoskilo,Fish4Dogs,Ocean White Fish Adult Large,dog,dry,289,2890,kcal_estimated=true; kcal_estimation_method=modified_atwater; estimated_carbohydrate_percent=52.2,https://www.gatoskilo.gr/ksira-trofi-skyloy/11312-fish4dogs-ocean-white-fish-adult-large-12kg.html,Keep as review-safe estimate until official label kcal is found.
fish4dogs-ocean-white-fish-adult-small-bite-dog-dry-gr-gatoskilo,Fish4Dogs,Ocean White Fish Adult Small Bite,dog,dry,289,2890,kcal_estimated=true; kcal_estimation_method=modified_atwater; estimated_carbohydrate_percent=52.2,https://www.gatoskilo.gr/ksira-trofi-skyloy/9206-fish4dogs-ocean-white-fish-adult-small-bite-6kg.html,Keep as review-safe estimate until official label kcal is found.
granatapet-adult-poultry-dog-dry-gr-gatoskilo,GranataPet,Adult Poultry,dog,dry,360,3600,kcal_estimated=true; kcal_estimation_method=modified_atwater; estimated_carbohydrate_percent=39,https://www.gatoskilo.gr/ksira-trofi-skyloy/19331-granatapet-adult-poultry-10kg.html,Keep as review-safe estimate until official label kcal is found.
happy-dog-dog-s-favorite-chicken-dog-dry-gr-gatoskilo,Happy Dog,Dog's Favorite Chicken,dog,dry,286.3,2863,kcal_estimated=true; kcal_estimation_method=modified_atwater; estimated_carbohydrate_percent=59.3,https://www.gatoskilo.gr/ksira-trofi-skyloy/16021-happy-dog-dog-s-favorite-chicken-15kg.html,Keep as review-safe estimate until official label kcal is found.
happy-dog-fit-and-vital-adult-mini-dog-dry-gr-gatoskilo,Happy Dog,Fit & Vital Adult Mini,dog,dry,283.3,2833,kcal_estimated=true; kcal_estimation_method=modified_atwater; estimated_carbohydrate_percent=54.2,https://www.gatoskilo.gr/ksira-trofi-skyloy/2997-happy-dog-fit-vital-adult-mini-4kg.html,Keep as review-safe estimate until official label kcal is found.
happy-dog-fit-and-vital-light-dog-dry-gr-gatoskilo,Happy Dog,Fit & Vital Light,dog,dry,309.8,3098,kcal_estimated=true; kcal_estimation_method=modified_atwater; estimated_carbohydrate_percent=46.5,https://www.gatoskilo.gr/ksira-trofi-skyloy/4721-happy-dog-fit-vital-light-4kg.html,Keep as review-safe estimate until official label kcal is found.
happy-dog-fit-and-vital-mini-light-dog-dry-gr-gatoskilo,Happy Dog,Fit & Vital Mini Light,dog,dry,282.8,2828,kcal_estimated=true; kcal_estimation_method=modified_atwater; estimated_carbohydrate_percent=56.3,https://www.gatoskilo.gr/ksira-trofi-skyloy/3142-happy-dog-fit-vital-mini-light-4kg.html,Keep as review-safe estimate until official label kcal is found.
happy-dog-fit-and-vital-mini-puppy-dog-dry-gr-gatoskilo,Happy Dog,Fit & Vital Mini Puppy,dog,dry,283.8,2838,kcal_estimated=true; kcal_estimation_method=modified_atwater; estimated_carbohydrate_percent=51.1,https://www.gatoskilo.gr/ksira-trofi-skyloy/3079-happy-dog-fit-vital-mini-puppy-4kg.html,Keep as review-safe estimate until official label kcal is found.
happy-dog-grain-free-france-dog-dry-gr-gatoskilo,Happy Dog,Grain Free France,dog,dry,283.3,2833,kcal_estimated=true; kcal_estimation_method=modified_atwater; estimated_carbohydrate_percent=60.2,https://www.gatoskilo.gr/ksira-trofi-skyloy/9446-happy-dog-grain-free-france-4kg.html,Keep as review-safe estimate until official label kcal is found.
happy-dog-greece-dog-dry-gr-gatoskilo,Happy Dog,Greece,dog,dry,284.3,2843,kcal_estimated=true; kcal_estimation_method=modified_atwater; estimated_carbohydrate_percent=59,https://www.gatoskilo.gr/ksira-trofi-skyloy/10920-happy-dog-greece-11kg.html,Keep as review-safe estimate until official label kcal is found.
happy-dog-mini-africa-grain-free-dog-dry-gr-gatoskilo,Happy Dog,Mini Africa - Grain Free,dog,dry,279.8,2798,kcal_estimated=true; kcal_estimation_method=modified_atwater; estimated_carbohydrate_percent=55.2,https://www.gatoskilo.gr/ksira-trofi-skyloy/3153-happy-dog-mini-africa-grain-free-4kg.html,Keep as review-safe estimate until official label kcal is found.
happy-dog-mini-neuseeland-dog-dry-gr-gatoskilo,Happy Dog,Mini Neuseeland,dog,dry,279.8,2798,kcal_estimated=true; kcal_estimation_method=modified_atwater; estimated_carbohydrate_percent=55.2,https://www.gatoskilo.gr/ksira-trofi-skyloy/3150-happy-dog-mini-neuseeland-4kg.html,Keep as review-safe estimate until official label kcal is found.
happy-dog-mini-toscana-dog-dry-gr-gatoskilo,Happy Dog,Mini Toscana,dog,dry,281,2810,kcal_estimated=true; kcal_estimation_method=modified_atwater; estimated_carbohydrate_percent=55.8,https://www.gatoskilo.gr/ksira-trofi-skyloy/9434-happy-dog-mini-toscana-4kg.html,Keep as review-safe estimate until official label kcal is found.
happy-dog-naturcroq-active-dog-dry-gr-gatoskilo,Happy Dog,NaturCroq Active,dog,dry,290.3,2903,kcal_estimated=true; kcal_estimation_method=modified_atwater; estimated_carbohydrate_percent=58.2,https://www.gatoskilo.gr/ksira-trofi-skyloy/2998-happy-dog-naturcroq-active-15kg.html,Keep as review-safe estimate until official label kcal is found.
happy-dog-naturcroq-balance-dog-dry-gr-gatoskilo,Happy Dog,NaturCroq Balance,dog,dry,284.5,2845,kcal_estimated=true; kcal_estimation_method=modified_atwater; estimated_carbohydrate_percent=57.8,https://www.gatoskilo.gr/ksira-trofi-skyloy/9557-happy-dog-naturcroq-balance-15kg.html,Keep as review-safe estimate until official label kcal is found.
happy-dog-naturcroq-beef-dog-dry-gr-gatoskilo,Happy Dog,NaturCroq Beef,dog,dry,286.3,2863,kcal_estimated=true; kcal_estimation_method=modified_atwater; estimated_carbohydrate_percent=59.3,https://www.gatoskilo.gr/ksira-trofi-skyloy/2996-happy-dog-naturcroq-beef-15kg.html,Keep as review-safe estimate until official label kcal is found.
happy-dog-naturcroq-duck-and-rice-sterilised-dog-dry-gr-gatoskilo,Happy Dog,NaturCroq Duck & Rice Sterilised,dog,dry,288,2880,kcal_estimated=true; kcal_estimation_method=modified_atwater; estimated_carbohydrate_percent=59.8,https://www.gatoskilo.gr/ksira-trofi-skyloy/23513-happy-dog-naturcroq-duck-rice-sterilised-11kg.html,Keep as review-safe estimate until official label kcal is found.
happy-dog-naturcroq-junior-dog-dry-gr-gatoskilo,Happy Dog,NaturCroq Junior,dog,dry,282.8,2828,kcal_estimated=true; kcal_estimation_method=modified_atwater; estimated_carbohydrate_percent=54.3,https://www.gatoskilo.gr/ksira-trofi-skyloy/10859-happy-dog-naturcroq-junior-15kg.html,Keep as review-safe estimate until official label kcal is found.
happy-dog-naturcroq-lamb-and-rice-dog-dry-gr-gatoskilo,Happy Dog,NaturCroq Lamb & Rice,dog,dry,283.3,2833,kcal_estimated=true; kcal_estimation_method=modified_atwater; estimated_carbohydrate_percent=58.2,https://www.gatoskilo.gr/ksira-trofi-skyloy/2983-happy-dog-naturcroq-lamb-rice-15kg.html,Keep as review-safe estimate until official label kcal is found.
happy-dog-naturcroq-puppy-dog-dry-gr-gatoskilo,Happy Dog,NaturCroq Puppy,dog,dry,279.8,2798,kcal_estimated=true; kcal_estimation_method=modified_atwater; estimated_carbohydrate_percent=50.2,https://www.gatoskilo.gr/ksira-trofi-skyloy/11006-happy-dog-naturcroq-puppy-15kg.html,Keep as review-safe estimate until official label kcal is found.
happy-dog-naturcroq-senior-dog-dry-gr-gatoskilo,Happy Dog,NaturCroq Senior,dog,dry,289.8,2898,kcal_estimated=true; kcal_estimation_method=modified_atwater; estimated_carbohydrate_percent=61.3,https://www.gatoskilo.gr/ksira-trofi-skyloy/3196-happy-dog-naturcroq-senior-4kg.html,Keep as review-safe estimate until official label kcal is found.
happy-dog-naturcroq-xxl-dog-dry-gr-gatoskilo,Happy Dog,NaturCroq XXL,dog,dry,286.8,2868,kcal_estimated=true; kcal_estimation_method=modified_atwater; estimated_carbohydrate_percent=60.2,https://www.gatoskilo.gr/ksira-trofi-skyloy/2986-happy-dog-naturcroq-xxl-15kg.html,Keep as review-safe estimate until official label kcal is found.
happy-dog-sano-n-dog-dry-gr-gatoskilo,Happy Dog,Sano N,dog,dry,360.5,3605,kcal_estimated=true; kcal_estimation_method=modified_atwater; estimated_carbohydrate_percent=56.5,https://www.gatoskilo.gr/kliniki-ksiri-trofi-skyloy/2992-happy-dog-sano-n-75kg.html,Keep as review-safe estimate until official label kcal is found.
happy-dog-senior-dog-dry-gr-gatoskilo,Happy Dog,Senior,dog,dry,290.3,2903,kcal_estimated=true; kcal_estimation_method=modified_atwater; estimated_carbohydrate_percent=63.2,https://www.gatoskilo.gr/ksira-trofi-skyloy/3173-happy-dog-senior-4kg.html,Keep as review-safe estimate until official label kcal is found.
happy-dog-toscana-dog-dry-gr-gatoskilo,Happy Dog,Toscana,dog,dry,283.3,2833,kcal_estimated=true; kcal_estimation_method=modified_atwater; estimated_carbohydrate_percent=56.2,https://www.gatoskilo.gr/ksira-trofi-skyloy/3180-happy-dog-toscana-125kg.html,Keep as review-safe estimate until official label kcal is found.
happy-dog-vet-diet-hyper-sensitivity-dog-dry-gr-gatoskilo,Happy Dog,Vet Diet Hyper-Sensitivity,dog,dry,365.3,3653,kcal_estimated=true; kcal_estimation_method=modified_atwater; estimated_carbohydrate_percent=42.5,https://www.gatoskilo.gr/kliniki-ksiri-trofi-skyloy/11161-happy-dog-vet-diet-hyper-sensitivity-4kg.html,Keep as review-safe estimate until official label kcal is found.
happy-dog-vet-diet-intestinal-dog-dry-gr-gatoskilo,Happy Dog,Vet Diet Intestinal,dog,dry,346.8,3468,kcal_estimated=true; kcal_estimation_method=modified_atwater; estimated_carbohydrate_percent=41.5,https://www.gatoskilo.gr/kliniki-ksiri-trofi-skyloy/8866-happy-dog-vet-diet-intestinal-4kg.html,Keep as review-safe estimate until official label kcal is found.
happy-dog-vet-diet-intestinal-low-fat-dog-dry-gr-gatoskilo,Happy Dog,Vet Diet Intestinal Low-Fat,dog,dry,320.6,3206,kcal_estimated=true; kcal_estimation_method=modified_atwater; estimated_carbohydrate_percent=48.6,https://www.gatoskilo.gr/kliniki-ksiri-trofi-skyloy/8868-happy-dog-vet-diet-intestinal-low-fat-4kg.html,Keep as review-safe estimate until official label kcal is found.
happy-dog-vet-diet-renal-dog-dry-gr-gatoskilo,Happy Dog,Vet Diet Renal,dog,dry,365.5,3655,kcal_estimated=true; kcal_estimation_method=modified_atwater; estimated_carbohydrate_percent=53,https://www.gatoskilo.gr/kliniki-ksiri-trofi-skyloy/18856-happy-dog-vet-diet-renal-12kg.html,Keep as review-safe estimate until official label kcal is found.
happy-dog-vet-diet-struvit-dog-dry-gr-gatoskilo,Happy Dog,Vet Diet Struvit,dog,dry,342.5,3425,kcal_estimated=true; kcal_estimation_method=modified_atwater; estimated_carbohydrate_percent=45,https://www.gatoskilo.gr/kliniki-ksiri-trofi-skyloy/11166-happy-dog-vet-diet-struvit-4kg.html,Keep as review-safe estimate until official label kcal is found.
hills-hill-s-pd-canine-c-d-multicare-urinary-care-με-κοτοπουλο-dog-dry-gr-gatoskilo,Hills,Hill's PD Canine c/d Multicare Urinary Care με Κοτόπουλο,dog,dry,296.8,2968,kcal_estimated=true; kcal_estimation_method=modified_atwater; estimated_carbohydrate_percent=63.1,https://www.gatoskilo.gr/kliniki-ksiri-trofi-skyloy/17842-hill-s-pd-canine-c-d-multicare-urinary-care-me-kotopoulo-15kg.html,Keep as review-safe estimate until official label kcal is found.
hills-hill-s-pd-canine-d-d-food-sensitivities-με-παπια-and-ρυζι-dog-dry-gr-gatoskilo,Hills,Hill's PD Canine d/d Food Sensitivities με Πάπια & Ρύζι,dog,dry,296.5,2965,kcal_estimated=true; kcal_estimation_method=modified_atwater; estimated_carbohydrate_percent=67.9,https://www.gatoskilo.gr/kliniki-ksiri-trofi-skyloy/19014-hill-s-pd-canine-d-d-food-sensitivities-me-papia-rizi-12kg.html,Keep as review-safe estimate until official label kcal is found.
hills-hill-s-pd-canine-derm-complete-mini-dog-dry-gr-gatoskilo,Hills,Hill's PD Canine Derm Complete Mini,dog,dry,367.3,3673,kcal_estimated=true; kcal_estimation_method=modified_atwater; estimated_carbohydrate_percent=53.4,https://www.gatoskilo.gr/kliniki-ksiri-trofi-skyloy/19923-hill-s-pd-canine-derm-complete-mini-1kg.html,Keep as review-safe estimate until official label kcal is found.
hills-hill-s-pd-canine-derm-defense-με-κοτοπουλο-dog-dry-gr-gatoskilo,Hills,Hill's PD Canine Derm Defense με Κοτόπουλο,dog,dry,313.4,3134,kcal_estimated=true; kcal_estimation_method=modified_atwater; estimated_carbohydrate_percent=58.9,https://www.gatoskilo.gr/kliniki-ksiri-trofi-skyloy/21091-hill-s-pd-canine-derm-defense-me-kotopoulo-15kg.html,Keep as review-safe estimate until official label kcal is found.
hills-hill-s-pd-canine-gastrointestinal-biome-με-κοτοπουλο-dog-dry-gr-gatoskilo,Hills,Hill's PD Canine Gastrointestinal Biome με Κοτόπουλο,dog,dry,336.4,3364,kcal_estimated=true; kcal_estimation_method=modified_atwater; estimated_carbohydrate_percent=42.4,https://www.gatoskilo.gr/kliniki-ksiri-trofi-skyloy/17724-hill-s-pd-canine-gastrointestinal-biome-me-kotopoulo-15kg.html,Keep as review-safe estimate until official label kcal is found.
hills-hill-s-pd-canine-i-d-digestive-care-active-biome-με-κοτοπουλο-dog-dry-gr-gatoskilo,Hills,Hill's PD Canine i/d Digestive Care Active Biome+ με Κοτόπουλο,dog,dry,351.1,3511,kcal_estimated=true; kcal_estimation_method=modified_atwater; estimated_carbohydrate_percent=45.2,https://www.gatoskilo.gr/kliniki-ksiri-trofi-skyloy/19213-hill-s-pd-canine-i-d-digestive-care-active-biome-me-kotopoulo-4kg.html,Keep as review-safe estimate until official label kcal is found.
hills-hill-s-pd-canine-i-d-low-fat-active-biome-dog-dry-gr-gatoskilo,Hills,Hill's PD Canine i/d Low Fat Active Biome+,dog,dry,291.3,2913,kcal_estimated=true; kcal_estimation_method=modified_atwater; estimated_carbohydrate_percent=58.2,https://www.gatoskilo.gr/kliniki-ksiri-trofi-skyloy/16499-hill-s-pd-canine-i-d-low-fat-active-biome-15kg.html,Keep as review-safe estimate until official label kcal is found.
hills-hill-s-pd-canine-i-d-sensitive-active-biome-dog-dry-gr-gatoskilo,Hills,Hill's PD Canine i/d Sensitive Active Biome+,dog,dry,351.1,3511,kcal_estimated=true; kcal_estimation_method=modified_atwater; estimated_carbohydrate_percent=45.2,https://www.gatoskilo.gr/kliniki-ksiri-trofi-skyloy/19958-hill-s-pd-canine-i-d-sensitive-active-biome-15kg.html,Keep as review-safe estimate until official label kcal is found.
hills-hill-s-pd-canine-i-d-stress-mini-active-biome-με-κοτοπουλο-dog-dry-gr-gatoskilo,Hills,Hill's PD Canine i/d Stress Mini Active Biome+ με Κοτόπουλο,dog,dry,291.9,2919,kcal_estimated=true; kcal_estimation_method=modified_atwater; estimated_carbohydrate_percent=57.8,https://www.gatoskilo.gr/kliniki-ksiri-trofi-skyloy/17845-hill-s-pd-canine-i-d-stress-mini-active-biome-me-kotopoulo-1kg.html,Keep as review-safe estimate until official label kcal is found.
hills-hill-s-pd-canine-j-d-joint-care-με-κοτοπουλο-dog-dry-gr-gatoskilo,Hills,Hill's PD Canine j/d Joint Care με Κοτόπουλο,dog,dry,294.6,2946,kcal_estimated=true; kcal_estimation_method=modified_atwater; estimated_carbohydrate_percent=59.3,https://www.gatoskilo.gr/kliniki-ksiri-trofi-skyloy/19215-hill-s-pd-canine-j-d-joint-care-me-kotopoulo-4kg.html,Keep as review-safe estimate until official label kcal is found.
hills-hill-s-pd-canine-l-d-liver-care-dog-dry-gr-gatoskilo,Hills,Hill's PD Canine l/d Liver Care,dog,dry,397.9,3979,kcal_estimated=true; kcal_estimation_method=modified_atwater; estimated_carbohydrate_percent=43.8,https://www.gatoskilo.gr/kliniki-ksiri-trofi-skyloy/19217-hill-s-pd-canine-l-d-liver-care-15kg.html,Keep as review-safe estimate until official label kcal is found.
hills-hill-s-pd-canine-metabolic-mini-weight-management-με-κοτοπουλο-dog-dry-gr-gatoskilo,Hills,Hill's PD Canine Metabolic Mini Weight Management με Κοτόπουλο,dog,dry,306.5,3065,kcal_estimated=true; kcal_estimation_method=modified_atwater; estimated_carbohydrate_percent=35.2,https://www.gatoskilo.gr/kliniki-ksiri-trofi-skyloy/18240-hill-s-pd-canine-metabolic-mini-weight-management-me-kotopoulo-1kg.html,Keep as review-safe estimate until official label kcal is found.
hills-hill-s-pd-canine-metabolic-weight-management-με-κοτοπουλο-dog-dry-gr-gatoskilo,Hills,Hill's PD Canine Metabolic Weight Management με Κοτόπουλο,dog,dry,306.5,3065,kcal_estimated=true; kcal_estimation_method=modified_atwater; estimated_carbohydrate_percent=35.2,https://www.gatoskilo.gr/kliniki-ksiri-trofi-skyloy/16518-hill-s-pd-canine-metabolic-weight-management-me-kotopoulo-12kg.html,Keep as review-safe estimate until official label kcal is found.
hills-hill-s-pd-canine-u-d-urinary-care-dog-dry-gr-gatoskilo,Hills,Hill's PD Canine u/d Urinary Care,dog,dry,390.6,3906,kcal_estimated=true; kcal_estimation_method=modified_atwater; estimated_carbohydrate_percent=55.2,https://www.gatoskilo.gr/kliniki-ksiri-trofi-skyloy/18035-hill-s-pd-canine-u-d-urinary-care-4kg.html,Keep as review-safe estimate until official label kcal is found.
hills-hill-s-pd-canine-w-d-digestive-weight-diabetes-management-με-κοτοπουλο-dog-dry-gr-gatoskilo,Hills,Hill's PD Canine w/d Digestive/Weight/Diabetes Management με Κοτόπουλο,dog,dry,310.8,3108,kcal_estimated=true; kcal_estimation_method=modified_atwater; estimated_carbohydrate_percent=40.4,https://www.gatoskilo.gr/kliniki-ksiri-trofi-skyloy/18291-hill-s-pd-canine-w-d-digestive-weight-diabetes-management-me-kotopoulo-10kg.html,Keep as review-safe estimate until official label kcal is found.
hills-hill-s-pd-canine-z-d-food-sensitivities-active-biome-dog-dry-gr-gatoskilo,Hills,Hill's PD Canine z/d Food Sensitivities Active Biome+,dog,dry,278.5,2785,kcal_estimated=true; kcal_estimation_method=modified_atwater; estimated_carbohydrate_percent=59.2,https://www.gatoskilo.gr/kliniki-ksiri-trofi-skyloy/16530-hill-s-pd-canine-z-d-food-sensitivities-active-biome-3kg.html,Keep as review-safe estimate until official label kcal is found.
hills-hill-s-pd-canine-z-d-food-sensitivities-mini-active-biome-dog-dry-gr-gatoskilo,Hills,Hill's PD Canine z/d Food Sensitivities Mini Active Biome+,dog,dry,294,2940,kcal_estimated=true; kcal_estimation_method=modified_atwater; estimated_carbohydrate_percent=56.2,https://www.gatoskilo.gr/kliniki-ksiri-trofi-skyloy/17719-hill-s-pd-canine-z-d-food-sensitivities-mini-active-biome-1kg.html,Keep as review-safe estimate until official label kcal is found.
hills-hill-s-sp-adult-medium-αρνι-and-ρυζι-dog-dry-gr-gatoskilo,Hills,Hill's SP Adult Medium Αρνί & Ρύζι,dog,dry,310.8,3108,kcal_estimated=true; kcal_estimation_method=modified_atwater; estimated_carbohydrate_percent=58.8,https://www.gatoskilo.gr/ksira-trofi-skyloy/10045-hill-s-sp-adult-medium-arni-rizi-14kg.html,Keep as review-safe estimate until official label kcal is found.
josera-adult-chicken-and-rice-dog-dry-gr-gatoskilo,Josera,Adult Chicken & Rice,dog,dry,349.2,3492,kcal_estimated=true; kcal_estimation_method=modified_atwater; estimated_carbohydrate_percent=43.2,https://www.gatoskilo.gr/ksira-trofi-skyloy/24553-josera-adult-chicken-rice-125kg.html,Keep as review-safe estimate until official label kcal is found.
josera-bavaro-solid-dog-dry-gr-gatoskilo,Josera,Bavaro Solid,dog,dry,318.6,3186,kcal_estimated=true; kcal_estimation_method=modified_atwater; estimated_carbohydrate_percent=51.6,https://www.gatoskilo.gr/ksira-trofi-skyloy/10796-josera-bavaro-solid-18kg.html,Keep as review-safe estimate until official label kcal is found.
josera-bavaro-task-dog-dry-gr-gatoskilo,Josera,Bavaro Task,dog,dry,325,3250,kcal_estimated=true; kcal_estimation_method=modified_atwater; estimated_carbohydrate_percent=48,https://www.gatoskilo.gr/ksira-trofi-skyloy/10797-josera-bavaro-task-18kg.html,Keep as review-safe estimate until official label kcal is found.
josera-help-dog-heart-dog-dry-gr-gatoskilo,Josera,Help Dog Heart,dog,dry,336.8,3368,kcal_estimated=true; kcal_estimation_method=modified_atwater; estimated_carbohydrate_percent=53.6,https://www.gatoskilo.gr/kliniki-ksiri-trofi-skyloy/21384-josera-help-dog-heart-10kg.html,Keep as review-safe estimate until official label kcal is found.
josera-help-dog-hypoallergenic-dog-dry-gr-gatoskilo,Josera,Help Dog Hypoallergenic,dog,dry,344.5,3445,kcal_estimated=true; kcal_estimation_method=modified_atwater; estimated_carbohydrate_percent=47,https://www.gatoskilo.gr/kliniki-ksiri-trofi-skyloy/21382-josera-help-dog-hypoallergenic-10kg.html,Keep as review-safe estimate until official label kcal is found.
josera-help-dog-renal-dog-dry-gr-gatoskilo,Josera,Help Dog Renal,dog,dry,381.5,3815,kcal_estimated=true; kcal_estimation_method=modified_atwater; estimated_carbohydrate_percent=48.8,https://www.gatoskilo.gr/kliniki-ksiri-trofi-skyloy/21378-josera-help-dog-renal-10kg.html,Keep as review-safe estimate until official label kcal is found.
josera-help-dog-weight-and-diabetic-dog-dry-gr-gatoskilo,Josera,Help Dog Weight & Diabetic,dog,dry,304.4,3044,kcal_estimated=true; kcal_estimation_method=modified_atwater; estimated_carbohydrate_percent=39.9,https://www.gatoskilo.gr/kliniki-ksiri-trofi-skyloy/21386-josera-help-dog-weight-diabetic-10kg.html,Keep as review-safe estimate until official label kcal is found.
josera-josidog-adult-sensitive-dog-dry-gr-gatoskilo,Josera,JosiDog Adult Sensitive,dog,dry,350.3,3503,kcal_estimated=true; kcal_estimation_method=modified_atwater; estimated_carbohydrate_percent=43.5,https://www.gatoskilo.gr/ksira-trofi-skyloy/20855-josera-josidog-adult-sensitive-15kg.html,Keep as review-safe estimate until official label kcal is found.
josera-josidog-junior-dog-dry-gr-gatoskilo,Josera,JosiDog Junior,dog,dry,350.3,3503,kcal_estimated=true; kcal_estimation_method=modified_atwater; estimated_carbohydrate_percent=43.5,https://www.gatoskilo.gr/ksira-trofi-skyloy/20852-josera-josidog-junior-15kg.html,Keep as review-safe estimate until official label kcal is found.
josera-josidog-lamb-basic-adult-dog-dry-gr-gatoskilo,Josera,JosiDog Lamb Basic Adult,dog,dry,348.3,3483,kcal_estimated=true; kcal_estimation_method=modified_atwater; estimated_carbohydrate_percent=43.5,https://www.gatoskilo.gr/ksira-trofi-skyloy/20858-josera-josidog-lamb-basic-adult-15kg.html,Keep as review-safe estimate until official label kcal is found.
josera-josidog-mini-adult-dog-dry-gr-gatoskilo,Josera,JosiDog Mini Adult,dog,dry,337.8,3378,kcal_estimated=true; kcal_estimation_method=modified_atwater; estimated_carbohydrate_percent=43.8,https://www.gatoskilo.gr/ksira-trofi-skyloy/20854-josera-josidog-mini-adult-10kg.html,Keep as review-safe estimate until official label kcal is found.
josera-mini-adult-chicken-and-rice-5x900gr-dog-dry-gr-gatoskilo,Josera,Mini Adult Chicken & Rice (5x900gr),dog,dry,362.8,3628,kcal_estimated=true; kcal_estimation_method=modified_atwater; estimated_carbohydrate_percent=37.8,https://www.gatoskilo.gr/ksira-trofi-skyloy/14017-josera-mini-adult-chicken-rice-5x900gr-45kg.html,Keep as review-safe estimate until official label kcal is found.
josera-mini-junior-5x900gr-dog-dry-gr-gatoskilo,Josera,Mini Junior (5x900gr),dog,dry,374.5,3745,kcal_estimated=true; kcal_estimation_method=modified_atwater; estimated_carbohydrate_percent=34.3,https://www.gatoskilo.gr/ksira-trofi-skyloy/14014-josera-mini-junior-5x900gr-45kg.html,Keep as review-safe estimate until official label kcal is found.
josera-senior-salmon-and-rice-dog-dry-gr-gatoskilo,Josera,Senior Salmon & Rice,dog,dry,336.3,3363,kcal_estimated=true; kcal_estimation_method=modified_atwater; estimated_carbohydrate_percent=53,https://www.gatoskilo.gr/ksira-trofi-skyloy/24597-josera-senior-salmon-rice-125kg.html,Keep as review-safe estimate until official label kcal is found.
josera-sensi-plus-adult-dog-dry-gr-gatoskilo,Josera,Sensi Plus Adult,dog,dry,344.2,3442,kcal_estimated=true; kcal_estimation_method=modified_atwater; estimated_carbohydrate_percent=45.2,https://www.gatoskilo.gr/ksira-trofi-skyloy/25393-josera-sensi-plus-adult-125kg.html,Keep as review-safe estimate until official label kcal is found.
kippy-dog-adult-κοτοπουλο-and-λαχανικα-dog-dry-gr-gatoskilo,Kippy,Dog Adult Κοτόπουλο & Λαχανικά,dog,dry,330.3,3303,kcal_estimated=true; kcal_estimation_method=modified_atwater; estimated_carbohydrate_percent=49.5,https://www.gatoskilo.gr/ksira-trofi-skyloy/27988-kippy-dog-adult-kotopoulo-laxanika-20kg.html,Keep as review-safe estimate until official label kcal is found.
kippy-dog-adult-original-κοτοπουλο-dog-dry-gr-gatoskilo,Kippy,Dog Adult Original Κοτόπουλο,dog,dry,325.3,3253,kcal_estimated=true; kcal_estimation_method=modified_atwater; estimated_carbohydrate_percent=50.5,https://www.gatoskilo.gr/ksira-trofi-skyloy/27987-kippy-dog-adult-original-kotopoulo-20kg.html,Keep as review-safe estimate until official label kcal is found.
kippy-dog-maxi-adult-κοτοπουλο-dog-dry-gr-gatoskilo,Kippy,Dog Maxi Adult Κοτόπουλο,dog,dry,330.3,3303,kcal_estimated=true; kcal_estimation_method=modified_atwater; estimated_carbohydrate_percent=49.5,https://www.gatoskilo.gr/ksira-trofi-skyloy/27989-kippy-dog-maxi-adult-kotopoulo-20kg.html,Keep as review-safe estimate until official label kcal is found.
kudo-turkey-and-duck-medium-and-maxi-adult-dog-dry-gr-gatoskilo,Kudo,Turkey & Duck Medium & Maxi Adult,dog,dry,354.9,3549,kcal_estimated=true; kcal_estimation_method=modified_atwater; estimated_carbohydrate_percent=40.4,https://www.gatoskilo.gr/ksira-trofi-skyloy/20405-kudo-turkey-duck-medium-maxi-adult-12kg.html,Keep as review-safe estimate until official label kcal is found.
meradog-pure-sensitive-lamb-and-rice-dog-dry-gr-gatoskilo,Meradog,Pure Sensitive Lamb & Rice,dog,dry,336.5,3365,kcal_estimated=true; kcal_estimation_method=modified_atwater; estimated_carbohydrate_percent=45,https://www.gatoskilo.gr/ksira-trofi-skyloy/8351-meradog-pure-sensitive-lamb-rice-125kg.html,Keep as review-safe estimate until official label kcal is found.
meradog-pure-sensitive-salmon-and-rice-dog-dry-gr-gatoskilo,Meradog,Pure Sensitive Salmon & Rice,dog,dry,319.3,3193,kcal_estimated=true; kcal_estimation_method=modified_atwater; estimated_carbohydrate_percent=54.5,https://www.gatoskilo.gr/ksira-trofi-skyloy/8353-meradog-pure-sensitive-salmon-rice-125kg.html,Keep as review-safe estimate until official label kcal is found.
meradog-pure-sensitive-turkey-and-rice-dog-dry-gr-gatoskilo,Meradog,Pure Sensitive Turkey & Rice,dog,dry,325.4,3254,kcal_estimated=true; kcal_estimation_method=modified_atwater; estimated_carbohydrate_percent=49.1,https://www.gatoskilo.gr/ksira-trofi-skyloy/8341-meradog-pure-sensitive-turkey-rice-125kg.html,Keep as review-safe estimate until official label kcal is found.
trainer-natural-trainer-mini-adult-προσουτο-dog-dry-gr-gatoskilo,Trainer,Natural Trainer Mini Adult Προσούτο,dog,dry,295.9,2959,kcal_estimated=true; kcal_estimation_method=modified_atwater; estimated_carbohydrate_percent=55.6,https://www.gatoskilo.gr/ksira-trofi-skyloy/8710-natural-trainer-mini-adult-προσούτο-2kg.html,Keep as review-safe estimate until official label kcal is found.
trainer-natural-trainer-sensitive-adult-m-m-αρνι-dog-dry-gr-gatoskilo,Trainer,Natural Trainer Sensitive Adult M/M Αρνί,dog,dry,284,2840,kcal_estimated=true; kcal_estimation_method=modified_atwater; estimated_carbohydrate_percent=55.2,https://www.gatoskilo.gr/ksira-trofi-skyloy/10165-natural-trainer-sensitive-adult-m-m-arni-12kg.html,Keep as review-safe estimate until official label kcal is found.
trainer-natural-trainer-sensitive-adult-m-m-σολομοσ-dog-dry-gr-gatoskilo,Trainer,Natural Trainer Sensitive Adult M/M Σολομός,dog,dry,284.5,2845,kcal_estimated=true; kcal_estimation_method=modified_atwater; estimated_carbohydrate_percent=55.1,https://www.gatoskilo.gr/ksira-trofi-skyloy/10168-natural-trainer-sensitive-adult-m-m-solomos-12kg.html,Keep as review-safe estimate until official label kcal is found.
trainer-natural-trainer-sensitive-adult-mini-κουνελι-dog-dry-gr-gatoskilo,Trainer,Natural Trainer Sensitive Adult Mini Κουνέλι,dog,dry,356.4,3564,kcal_estimated=true; kcal_estimation_method=modified_atwater; estimated_carbohydrate_percent=40.4,https://www.gatoskilo.gr/ksira-trofi-skyloy/10247-natural-trainer-sensitive-adult-mini-kouneli-2kg.html,Keep as review-safe estimate until official label kcal is found.
trainer-natural-trainer-sensitive-adult-mini-σολομοσ-dog-dry-gr-gatoskilo,Trainer,Natural Trainer Sensitive Adult Mini Σολομός,dog,dry,356.8,3568,kcal_estimated=true; kcal_estimation_method=modified_atwater; estimated_carbohydrate_percent=40.5,https://www.gatoskilo.gr/ksira-trofi-skyloy/10166-natural-trainer-sensitive-adult-mini-σολομός-2kg.html,Keep as review-safe estimate until official label kcal is found.
trainer-natural-trainer-sensitive-adult-mini-lamb-dog-dry-gr-gatoskilo,Trainer,Natural Trainer Sensitive Adult Mini Lamb,dog,dry,284,2840,kcal_estimated=true; kcal_estimation_method=modified_atwater; estimated_carbohydrate_percent=54.2,https://www.gatoskilo.gr/ksira-trofi-skyloy/10163-natural-trainer-sensitive-adult-mini-lamb-2kg.html,Keep as review-safe estimate until official label kcal is found.
trainer-natural-trainer-small-and-toy-adult-tuna-dog-dry-gr-gatoskilo,Trainer,Natural Trainer Small & Toy Adult Tuna,dog,dry,365,3650,kcal_estimated=true; kcal_estimation_method=modified_atwater; estimated_carbohydrate_percent=37.7,https://www.gatoskilo.gr/ksira-trofi-skyloy/8712-natural-trainer-small-toy-adult-tuna-2kg.html,Keep as review-safe estimate until official label kcal is found.
trainer-natural-trainer-small-and-toy-puppy-fresh-chicken-dog-dry-gr-gatoskilo,Trainer,Natural Trainer Small & Toy Puppy Fresh Chicken,dog,dry,287.5,2875,kcal_estimated=true; kcal_estimation_method=modified_atwater; estimated_carbohydrate_percent=49.7,https://www.gatoskilo.gr/ksira-trofi-skyloy/8704-natural-trainer-small-toy-puppy-fresh-chicken-2kg.html,Keep as review-safe estimate until official label kcal is found.
trainer-natural-trainer-weight-care-mini-λευκα-κρεατα-dog-dry-gr-gatoskilo,Trainer,Natural Trainer Weight Care Mini Λευκά Κρέατα,dog,dry,323,3230,kcal_estimated=true; kcal_estimation_method=modified_atwater; estimated_carbohydrate_percent=39,https://www.gatoskilo.gr/ksira-trofi-skyloy/10885-natural-trainer-weight-care-mini-lefka-kreata-2kg.html,Keep as review-safe estimate until official label kcal is found.
nature-s-protection-hypoallergenic-salmon-grain-free-adult-all-breeds-dog-dry-gr-gatoskilo,Nature,'s Protection HypoAllergenic Salmon Grain Free Adult All Breeds,dog,dry,273.3,2733,kcal_estimated=true; kcal_estimation_method=modified_atwater; estimated_carbohydrate_percent=53,https://www.gatoskilo.gr/ksira-trofi-skyloy/22422-nature-s-protection-hypoallergenic-salmon-grain-free-adult-all-breeds-15kg.html,Keep as review-safe estimate until official label kcal is found.
nature-s-protection-red-coat-lamb-grain-free-adult-all-breeds-dog-dry-gr-gatoskilo,Nature,'s Protection Red Coat Lamb Grain Free Adult All Breeds,dog,dry,275.6,2756,kcal_estimated=true; kcal_estimation_method=modified_atwater; estimated_carbohydrate_percent=51.4,https://www.gatoskilo.gr/ksira-trofi-skyloy/22419-nature-s-protection-red-coat-lamb-grain-free-adult-all-breeds-4kg.html,Keep as review-safe estimate until official label kcal is found.
nature-s-protection-red-coat-lamb-grain-free-adult-mini-dog-dry-gr-gatoskilo,Nature,'s Protection Red Coat Lamb Grain Free Adult Mini,dog,dry,275.6,2756,kcal_estimated=true; kcal_estimation_method=modified_atwater; estimated_carbohydrate_percent=50.4,https://www.gatoskilo.gr/ksira-trofi-skyloy/22415-nature-s-protection-red-coat-lamb-grain-free-adult-mini-15kg.html,Keep as review-safe estimate until official label kcal is found.
nature-s-protection-red-coat-salmon-grain-free-adult-all-breeds-dog-dry-gr-gatoskilo,Nature,'s Protection Red Coat Salmon Grain Free Adult All Breeds,dog,dry,279.1,2791,kcal_estimated=true; kcal_estimation_method=modified_atwater; estimated_carbohydrate_percent=51.7,https://www.gatoskilo.gr/ksira-trofi-skyloy/22417-nature-s-protection-red-coat-salmon-grain-free-adult-all-breeds-4kg.html,Keep as review-safe estimate until official label kcal is found.
nature-s-protection-red-coat-salmon-grain-free-junior-mini-dog-dry-gr-gatoskilo,Nature,'s Protection Red Coat Salmon Grain Free Junior Mini,dog,dry,278.9,2789,kcal_estimated=true; kcal_estimation_method=modified_atwater; estimated_carbohydrate_percent=48.7,https://www.gatoskilo.gr/ksira-trofi-skyloy/22411-nature-s-protection-red-coat-salmon-grain-free-junior-mini-15kg.html,Keep as review-safe estimate until official label kcal is found.
nature-s-protection-sensitive-skin-and-stomach-adult-mini-dog-dry-gr-gatoskilo,Nature,'s Protection Sensitive Skin & Stomach Adult Mini,dog,dry,279.5,2795,kcal_estimated=true; kcal_estimation_method=modified_atwater; estimated_carbohydrate_percent=50.2,https://www.gatoskilo.gr/ksira-trofi-skyloy/22421-nature-s-protection-sensitive-skin-stomach-adult-mini-15kg.html,Keep as review-safe estimate until official label kcal is found.
nature-s-protection-white-dog-lamb-adult-mini-dog-dry-gr-gatoskilo,Nature,'s Protection White Dog Lamb Adult Mini,dog,dry,290.7,2907,kcal_estimated=true; kcal_estimation_method=modified_atwater; estimated_carbohydrate_percent=60.7,https://www.gatoskilo.gr/ksira-trofi-skyloy/22399-nature-s-protection-white-dog-lamb-adult-mini-15kg.html,Keep as review-safe estimate until official label kcal is found.
nature-s-protection-white-dog-salmon-grain-free-adult-mini-dog-dry-gr-gatoskilo,Nature,'s Protection White Dog Salmon Grain Free Adult Mini,dog,dry,272,2720,kcal_estimated=true; kcal_estimation_method=modified_atwater; estimated_carbohydrate_percent=51.5,https://www.gatoskilo.gr/ksira-trofi-skyloy/22401-nature-s-protection-white-dog-salmon-grain-free-adult-mini-15kg.html,Keep as review-safe estimate until official label kcal is found.
nature-s-protection-white-dog-salmon-grain-free-junior-dog-dry-gr-gatoskilo,Nature,'s Protection White Dog Salmon Grain Free Junior,dog,dry,276.9,2769,kcal_estimated=true; kcal_estimation_method=modified_atwater; estimated_carbohydrate_percent=52,https://www.gatoskilo.gr/ksira-trofi-skyloy/22395-nature-s-protection-white-dog-salmon-grain-free-junior-15kg.html,Keep as review-safe estimate until official label kcal is found.
nature-s-protection-white-dog-salmon-grain-free-starter-dog-dry-gr-gatoskilo,Nature,'s Protection White Dog Salmon Grain Free Starter,dog,dry,277.2,2772,kcal_estimated=true; kcal_estimation_method=modified_atwater; estimated_carbohydrate_percent=51,https://www.gatoskilo.gr/ksira-trofi-skyloy/22393-nature-s-protection-white-dog-salmon-grain-free-starter-15kg.html,Keep as review-safe estimate until official label kcal is found.
nature-s-protection-white-dog-white-fish-grain-free-adult-mini-dog-dry-gr-gatoskilo,Nature,'s Protection White Dog White Fish Grain Free Adult Mini,dog,dry,271.1,2711,kcal_estimated=true; kcal_estimation_method=modified_atwater; estimated_carbohydrate_percent=51.9,https://www.gatoskilo.gr/ksira-trofi-skyloy/22403-nature-s-protection-white-dog-white-fish-grain-free-adult-mini-15kg.html,Keep as review-safe estimate until official label kcal is found.
nature-s-protection-white-dog-white-fish-grain-free-junior-mini-dog-dry-gr-gatoskilo,Nature,'s Protection White Dog White Fish Grain Free Junior Mini,dog,dry,274.6,2746,kcal_estimated=true; kcal_estimation_method=modified_atwater; estimated_carbohydrate_percent=50.8,https://www.gatoskilo.gr/ksira-trofi-skyloy/22397-nature-s-protection-white-dog-white-fish-grain-free-junior-mini-15kg.html,Keep as review-safe estimate until official label kcal is found.
oaks-farm-oak-s-farm-grain-free-all-adult-salmon-and-krill-dog-dry-gr-gatoskilo,Oaks Farm,Oak's Farm Grain Free All Adult Salmon & Krill,dog,dry,276.7,2767,kcal_estimated=true; kcal_estimation_method=modified_atwater; estimated_carbohydrate_percent=52,https://www.gatoskilo.gr/ksira-trofi-skyloy/12805-oak-s-farm-grain-free-all-adult-salmon-krill-12kg.html,Keep as review-safe estimate until official label kcal is found.
oaks-farm-oak-s-farm-grain-free-all-junior-salmon-and-krill-dog-dry-gr-gatoskilo,Oaks Farm,Oak's Farm Grain Free All Junior Salmon& Krill,dog,dry,276.5,2765,kcal_estimated=true; kcal_estimation_method=modified_atwater; estimated_carbohydrate_percent=51.8,https://www.gatoskilo.gr/ksira-trofi-skyloy/12799-oak-s-farm-grain-free-all-junior-salmon-krill-12kg.html,Keep as review-safe estimate until official label kcal is found.
oaks-farm-oak-s-farm-grain-free-small-adult-lamb-dog-dry-gr-gatoskilo,Oaks Farm,Oak's Farm Grain Free Small Adult Lamb,dog,dry,274.1,2741,kcal_estimated=true; kcal_estimation_method=modified_atwater; estimated_carbohydrate_percent=53.3,https://www.gatoskilo.gr/ksira-trofi-skyloy/12793-oak-s-farm-grain-free-small-adult-lamb-2kg.html,Keep as review-safe estimate until official label kcal is found.
versele-laga-opti-life-adult-digestion-medium-and-maxi-dog-dry-gr-gatoskilo,Versele Laga,Opti Life Adult Digestion Medium & Maxi,dog,dry,348.6,3486,kcal_estimated=true; kcal_estimation_method=modified_atwater; estimated_carbohydrate_percent=42.6,https://www.gatoskilo.gr/ksira-trofi-skyloy/10666-opti-life-adult-digestion-medium-maxi-125kg.html,Keep as review-safe estimate until official label kcal is found.
versele-laga-opti-life-adult-digestion-mini-dog-dry-gr-gatoskilo,Versele Laga,Opti Life Adult Digestion Mini,dog,dry,363.6,3636,kcal_estimated=true; kcal_estimation_method=modified_atwater; estimated_carbohydrate_percent=38.6,https://www.gatoskilo.gr/ksira-trofi-skyloy/10665-opti-life-adult-digestion-mini-75kg.html,Keep as review-safe estimate until official label kcal is found.
versele-laga-opti-life-adult-light-medium-and-maxi-dog-dry-gr-gatoskilo,Versele Laga,Opti Life Adult Light Medium & Maxi,dog,dry,323.3,3233,kcal_estimated=true; kcal_estimation_method=modified_atwater; estimated_carbohydrate_percent=46.5,https://www.gatoskilo.gr/ksira-trofi-skyloy/10662-opti-life-adult-light-medium-maxi-125kg.html,Keep as review-safe estimate until official label kcal is found.
versele-laga-opti-life-adult-light-mini-dog-dry-gr-gatoskilo,Versele Laga,Opti Life Adult Light Mini,dog,dry,333.3,3333,kcal_estimated=true; kcal_estimation_method=modified_atwater; estimated_carbohydrate_percent=42.5,https://www.gatoskilo.gr/ksira-trofi-skyloy/10661-opti-life-adult-light-mini-75kg.html,Keep as review-safe estimate until official label kcal is found.
versele-laga-opti-life-adult-maxi-dog-dry-gr-gatoskilo,Versele Laga,Opti Life Adult Maxi,dog,dry,355.3,3553,kcal_estimated=true; kcal_estimation_method=modified_atwater; estimated_carbohydrate_percent=43.5,https://www.gatoskilo.gr/ksira-trofi-skyloy/10656-opti-life-adult-maxi-125kg.html,Keep as review-safe estimate until official label kcal is found.
versele-laga-opti-life-adult-medium-dog-dry-gr-gatoskilo,Versele Laga,Opti Life Adult Medium,dog,dry,365.3,3653,kcal_estimated=true; kcal_estimation_method=modified_atwater; estimated_carbohydrate_percent=39.5,https://www.gatoskilo.gr/ksira-trofi-skyloy/10655-opti-life-adult-medium-125kg.html,Keep as review-safe estimate until official label kcal is found.
versele-laga-opti-life-adult-mini-dog-dry-gr-gatoskilo,Versele Laga,Opti Life Adult Mini,dog,dry,375.3,3753,kcal_estimated=true; kcal_estimation_method=modified_atwater; estimated_carbohydrate_percent=35.5,https://www.gatoskilo.gr/ksira-trofi-skyloy/10653-opti-life-adult-mini-75kg.html,Keep as review-safe estimate until official label kcal is found.
versele-laga-opti-life-adult-skin-care-medium-and-maxi-dog-dry-gr-gatoskilo,Versele Laga,Opti Life Adult Skin Care Medium & Maxi,dog,dry,352.1,3521,kcal_estimated=true; kcal_estimation_method=modified_atwater; estimated_carbohydrate_percent=43.6,https://www.gatoskilo.gr/ksira-trofi-skyloy/10669-opti-life-adult-skin-care-medium-maxi-125kg.html,Keep as review-safe estimate until official label kcal is found.
versele-laga-opti-life-senior-medium-and-maxi-dog-dry-gr-gatoskilo,Versele Laga,Opti Life Senior Medium & Maxi,dog,dry,330,3300,kcal_estimated=true; kcal_estimation_method=modified_atwater; estimated_carbohydrate_percent=45,https://www.gatoskilo.gr/ksira-trofi-skyloy/10659-opti-life-senior-medium-maxi-125kg.html,Keep as review-safe estimate until official label kcal is found.
optima-nova-adult-digestive-rabbit-and-potato-dog-dry-gr-gatoskilo,Optima Nova,Adult Digestive Rabbit & Potato,dog,dry,361.8,3618,kcal_estimated=true; kcal_estimation_method=modified_atwater; estimated_carbohydrate_percent=37.5,https://www.gatoskilo.gr/ksira-trofi-skyloy/9622-optima-nova-adult-digestive-rabbit-potato-12kg.html,Keep as review-safe estimate until official label kcal is found.
optima-nova-adult-mature-dog-dry-gr-gatoskilo,Optima Nova,Adult Mature,dog,dry,351.5,3515,kcal_estimated=true; kcal_estimation_method=modified_atwater; estimated_carbohydrate_percent=39,https://www.gatoskilo.gr/ksira-trofi-skyloy/9610-optima-nova-adult-mature-12kg.html,Keep as review-safe estimate until official label kcal is found.
optima-nova-adult-medium-chicken-and-rice-dog-dry-gr-gatoskilo,Optima Nova,Adult Medium Chicken & Rice,dog,dry,358.3,3583,kcal_estimated=true; kcal_estimation_method=modified_atwater; estimated_carbohydrate_percent=37.5,https://www.gatoskilo.gr/ksira-trofi-skyloy/9599-optima-nova-adult-medium-chicken-rice-12kg.html,Keep as review-safe estimate until official label kcal is found.
optima-nova-adult-mini-chicken-and-potato-dog-dry-gr-gatoskilo,Optima Nova,Adult Mini Chicken & Potato,dog,dry,363.3,3633,kcal_estimated=true; kcal_estimation_method=modified_atwater; estimated_carbohydrate_percent=35.5,https://www.gatoskilo.gr/ksira-trofi-skyloy/17825-optima-nova-adult-mini-chicken-potato-8kg.html,Keep as review-safe estimate until official label kcal is found.
optima-nova-adult-mini-chicken-and-rice-dog-dry-gr-gatoskilo,Optima Nova,Adult Mini Chicken & Rice,dog,dry,365,3650,kcal_estimated=true; kcal_estimation_method=modified_atwater; estimated_carbohydrate_percent=36,https://www.gatoskilo.gr/ksira-trofi-skyloy/9596-optima-nova-adult-mini-chicken-rice-2kg.html,Keep as review-safe estimate until official label kcal is found.
optima-nova-adult-mini-digestive-rabbit-and-potato-dog-dry-gr-gatoskilo,Optima Nova,Adult Mini Digestive Rabbit & Potato,dog,dry,363.3,3633,kcal_estimated=true; kcal_estimation_method=modified_atwater; estimated_carbohydrate_percent=35.5,https://www.gatoskilo.gr/ksira-trofi-skyloy/9623-optima-nova-adult-mini-digestive-rabbit-potato-2kg.html,Keep as review-safe estimate until official label kcal is found.
optima-nova-adult-mini-sensitive-salmon-and-potato-dog-dry-gr-gatoskilo,Optima Nova,Adult Mini Sensitive Salmon & Potato,dog,dry,363.3,3633,kcal_estimated=true; kcal_estimation_method=modified_atwater; estimated_carbohydrate_percent=35.5,https://www.gatoskilo.gr/ksira-trofi-skyloy/9625-optima-nova-adult-mini-sensitive-salmon-potato-2kg.html,Keep as review-safe estimate until official label kcal is found.
optima-nova-adult-sensitive-salmon-and-potato-dog-dry-gr-gatoskilo,Optima Nova,Adult Sensitive Salmon & Potato,dog,dry,359.3,3593,kcal_estimated=true; kcal_estimation_method=modified_atwater; estimated_carbohydrate_percent=36.8,https://www.gatoskilo.gr/ksira-trofi-skyloy/9620-optima-nova-adult-sensitive-salmon-potato-12kg.html,Keep as review-safe estimate until official label kcal is found.
ownat-just-dog-adult-grain-free-light-cat-dry-gr-gatoskilo,Ownat,Just Dog Adult Grain Free Light,cat,dry,291.8,2918,kcal_estimated=true; kcal_estimation_method=modified_atwater; estimated_carbohydrate_percent=38.5,https://www.gatoskilo.gr/ksira-trofi-skyloy/22904-ownat-just-dog-adult-grain-free-light-14kg.html,Keep as review-safe estimate until official label kcal is found.
pedigree-adult-πουλερικα-and-λαχανικα-dog-dry-gr-gatoskilo,Pedigree,Adult Πουλερικά & Λαχανικά,dog,dry,327.1,3271,kcal_estimated=true; kcal_estimation_method=modified_atwater; estimated_carbohydrate_percent=51.6,https://www.gatoskilo.gr/ksira-trofi-skyloy/26108-pedigree-adult-poulerika-laxanika-7kg.html,Keep as review-safe estimate until official label kcal is found.
pedigree-adult-mini-μοσχαρι-and-λαχανικα-dog-dry-gr-gatoskilo,Pedigree,Adult Mini Μοσχάρι & Λαχανικά,dog,dry,327.1,3271,kcal_estimated=true; kcal_estimation_method=modified_atwater; estimated_carbohydrate_percent=51.6,https://www.gatoskilo.gr/ksira-trofi-skyloy/21469-pedigree-adult-mini-mosxari-laxanika-12kg.html,Keep as review-safe estimate until official label kcal is found.
proct-adult-plus-dog-dry-gr-gatoskilo,Proct,Adult Plus,dog,dry,317,3170,kcal_estimated=true; kcal_estimation_method=modified_atwater; estimated_carbohydrate_percent=42.3,https://www.gatoskilo.gr/ksira-trofi-skyloy/11322-proct-adult-plus-20kg.html,Keep as review-safe estimate until official label kcal is found.
purina-pro-plan-everyday-nutrition-small-and-mini-adult-κοτοπουλο-dog-dry-gr-gatoskilo,Purina Pro Plan,Everyday Nutrition Small & Mini Adult Κοτόπουλο,dog,dry,283.3,2833,kcal_estimated=true; kcal_estimation_method=modified_atwater; estimated_carbohydrate_percent=52.2,https://www.gatoskilo.gr/ksira-trofi-skyloy/10337-purina-pro-plan-everyday-nutrition-small-mini-adult-kotopoulo-7kg.html,Keep as review-safe estimate until official label kcal is found.
purina-pro-plan-healthy-start-large-robust-puppy-κοτοπουλο-dog-dry-gr-gatoskilo,Purina Pro Plan,Healthy Start Large Robust Puppy Κοτόπουλο,dog,dry,281.5,2815,kcal_estimated=true; kcal_estimation_method=modified_atwater; estimated_carbohydrate_percent=50.7,https://www.gatoskilo.gr/ksira-trofi-skyloy/10341-purina-pro-plan-healthy-start-large-robust-puppy-kotopoulo-12kg.html,Keep as review-safe estimate until official label kcal is found.
purina-pro-plan-healthy-start-small-and-mini-puppy-κοτοπουλο-dog-dry-gr-gatoskilo,Purina Pro Plan,Healthy Start Small & Mini Puppy Κοτόπουλο,dog,dry,282,2820,kcal_estimated=true; kcal_estimation_method=modified_atwater; estimated_carbohydrate_percent=47.6,https://www.gatoskilo.gr/ksira-trofi-skyloy/10311-purina-pro-plan-healthy-start-small-mini-puppy-kotopoulo-3kg.html,Keep as review-safe estimate until official label kcal is found.
purina-pro-plan-small-and-mini-adult-sensitive-skin-σολομοσ-dog-dry-gr-gatoskilo,Purina Pro Plan,Small & Mini Adult Sensitive Skin Σολομός,dog,dry,286.8,2868,kcal_estimated=true; kcal_estimation_method=modified_atwater; estimated_carbohydrate_percent=49.5,https://www.gatoskilo.gr/ksira-trofi-skyloy/10314-purina-pro-plan-small-mini-adult-sensitive-skin-solomos-3kg.html,Keep as review-safe estimate until official label kcal is found.
reflex-adult-dog-fish-and-rice-dog-dry-gr-gatoskilo,Reflex,Adult Dog Fish & Rice,dog,dry,344.8,3448,kcal_estimated=true; kcal_estimation_method=modified_atwater; estimated_carbohydrate_percent=38.5,https://www.gatoskilo.gr/ksira-trofi-skyloy/19506-reflex-adult-dog-fish-rice-15kg.html,Keep as review-safe estimate until official label kcal is found.
reflex-adult-dog-lamb-and-rice-dog-dry-gr-gatoskilo,Reflex,Adult Dog Lamb & Rice,dog,dry,334.8,3348,kcal_estimated=true; kcal_estimation_method=modified_atwater; estimated_carbohydrate_percent=42.5,https://www.gatoskilo.gr/ksira-trofi-skyloy/19505-reflex-adult-dog-lamb-rice-15kg.html,Keep as review-safe estimate until official label kcal is found.
reflex-plus-mini-small-adult-chicken-dog-dry-gr-gatoskilo,Reflex,Plus Mini / Small Adult Chicken,dog,dry,356.8,3568,kcal_estimated=true; kcal_estimation_method=modified_atwater; estimated_carbohydrate_percent=39.5,https://www.gatoskilo.gr/ksira-trofi-skyloy/8809-reflex-plus-mini-small-adult-chicken-3kg.html,Keep as review-safe estimate until official label kcal is found.
reflex-plus-mini-small-adult-salmon-dog-dry-gr-gatoskilo,Reflex,Plus Mini / Small Adult Salmon,dog,dry,356.8,3568,kcal_estimated=true; kcal_estimation_method=modified_atwater; estimated_carbohydrate_percent=39.5,https://www.gatoskilo.gr/ksira-trofi-skyloy/8810-reflex-plus-mini-small-adult-salmon-3kg.html,Keep as review-safe estimate until official label kcal is found.
royal-canin-chihuahua-adult-dog-dry-gr-gatoskilo,Royal Canin,Chihuahua Adult,dog,dry,369.8,3698,kcal_estimated=true; kcal_estimation_method=modified_atwater; estimated_carbohydrate_percent=38.8,https://www.gatoskilo.gr/ksira-trofi-skyloy/5117-royal-canin-chihuahua-adult-500gr.html,Keep as review-safe estimate until official label kcal is found.
royal-canin-giant-adult-dog-dry-gr-gatoskilo,Royal Canin,Giant Adult,dog,dry,382.5,3825,kcal_estimated=true; kcal_estimation_method=modified_atwater; estimated_carbohydrate_percent=32.7,https://www.gatoskilo.gr/ksira-trofi-skyloy/4660-royal-canin-giant-adult-15kg.html,Keep as review-safe estimate until official label kcal is found.
royal-canin-maxi-adult-dog-dry-gr-gatoskilo,Royal Canin,Maxi Adult,dog,dry,368.9,3689,kcal_estimated=true; kcal_estimation_method=modified_atwater; estimated_carbohydrate_percent=38.1,https://www.gatoskilo.gr/ksira-trofi-skyloy/4679-royal-canin-maxi-adult-15kg.html,Keep as review-safe estimate until official label kcal is found.
royal-canin-medium-adult-dog-dry-gr-gatoskilo,Royal Canin,Medium Adult,dog,dry,358.4,3584,kcal_estimated=true; kcal_estimation_method=modified_atwater; estimated_carbohydrate_percent=43.4,https://www.gatoskilo.gr/ksira-trofi-skyloy/26496-royal-canin-medium-adult-15kg.html,Keep as review-safe estimate until official label kcal is found.
royal-canin-mini-adult-sterilised-dog-dry-gr-gatoskilo,Royal Canin,Mini Adult Sterilised,dog,dry,278.7,2787,kcal_estimated=true; kcal_estimation_method=modified_atwater; estimated_carbohydrate_percent=48.2,https://www.gatoskilo.gr/ksira-trofi-skyloy/20917-royal-canin-mini-adult-sterilised-8kg.html,Keep as review-safe estimate until official label kcal is found.
royal-canin-special-club-performance-adult-cc-dog-dry-gr-gatoskilo,Royal Canin,Special Club Performance Adult CC,dog,dry,352.8,3528,kcal_estimated=true; kcal_estimation_method=modified_atwater; estimated_carbohydrate_percent=41.8,https://www.gatoskilo.gr/ksira-trofi-skyloy/5281-royal-canin-special-club-performance-adult-cc-15kg.html,Keep as review-safe estimate until official label kcal is found.
royal-canin-sport-life-trail-4300-dog-dry-gr-gatoskilo,Royal Canin,Sport Life Trail 4300,dog,dry,384.3,3843,kcal_estimated=true; kcal_estimation_method=modified_atwater; estimated_carbohydrate_percent=30.8,https://www.gatoskilo.gr/ksira-trofi-skyloy/5105-royal-canin-sport-life-trail-4300-15kg.html,Keep as review-safe estimate until official label kcal is found.
royal-canin-vet-diet-dog-anallergenic-dog-dry-gr-gatoskilo,Royal Canin,Vet Diet Dog Anallergenic,dog,dry,368.8,3688,kcal_estimated=true; kcal_estimation_method=modified_atwater; estimated_carbohydrate_percent=47.3,https://www.gatoskilo.gr/kliniki-ksiri-trofi-skyloy/22230-royal-canin-vet-diet-dog-anallergenic-3kg.html,Keep as review-safe estimate until official label kcal is found.
royal-canin-vet-diet-dog-gastrointestinal-dog-dry-gr-gatoskilo,Royal Canin,Vet Diet Dog GastroIntestinal,dog,dry,289.7,2897,kcal_estimated=true; kcal_estimation_method=modified_atwater; estimated_carbohydrate_percent=55.7,https://www.gatoskilo.gr/kliniki-ksiri-trofi-skyloy/22251-royal-canin-vet-diet-dog-gastrointestinal-15kg.html,Keep as review-safe estimate until official label kcal is found.
royal-canin-vet-diet-dog-gastrointestinal-high-fibre-dog-dry-gr-gatoskilo,Royal Canin,Vet Diet Dog GastroIntestinal High Fibre,dog,dry,330.3,3303,kcal_estimated=true; kcal_estimation_method=modified_atwater; estimated_carbohydrate_percent=32.5,https://www.gatoskilo.gr/kliniki-ksiri-trofi-skyloy/22250-royal-canin-vet-diet-dog-gastrointestinal-high-fibre-2kg.html,Keep as review-safe estimate until official label kcal is found.
royal-canin-vet-diet-dog-gastrointestinal-low-fat-dog-dry-gr-gatoskilo,Royal Canin,Vet Diet Dog GastroIntestinal Low Fat,dog,dry,288.5,2885,kcal_estimated=true; kcal_estimation_method=modified_atwater; estimated_carbohydrate_percent=59.7,https://www.gatoskilo.gr/kliniki-ksiri-trofi-skyloy/22257-royal-canin-vet-diet-dog-gastrointestinal-low-fat-15kg.html,Keep as review-safe estimate until official label kcal is found.
royal-canin-vet-diet-dog-hepatic-dog-dry-gr-gatoskilo,Royal Canin,Vet Diet Dog Hepatic,dog,dry,371.9,3719,kcal_estimated=true; kcal_estimation_method=modified_atwater; estimated_carbohydrate_percent=51.4,https://www.gatoskilo.gr/kliniki-ksiri-trofi-skyloy/22262-royal-canin-vet-diet-dog-hepatic-15kg.html,Keep as review-safe estimate until official label kcal is found.
royal-canin-vet-diet-dog-hypoallergenic-dog-dry-gr-gatoskilo,Royal Canin,Vet Diet Dog Hypoallergenic,dog,dry,384.5,3845,kcal_estimated=true; kcal_estimation_method=modified_atwater; estimated_carbohydrate_percent=42.7,https://www.gatoskilo.gr/kliniki-ksiri-trofi-skyloy/22235-royal-canin-vet-diet-dog-hypoallergenic-14kg.html,Keep as review-safe estimate until official label kcal is found.
royal-canin-vet-diet-dog-hypoallergenic-moderate-calorie-dog-dry-gr-gatoskilo,Royal Canin,Vet Diet Dog Hypoallergenic Moderate Calorie,dog,dry,347.7,3477,kcal_estimated=true; kcal_estimation_method=modified_atwater; estimated_carbohydrate_percent=47.2,https://www.gatoskilo.gr/kliniki-ksiri-trofi-skyloy/22239-royal-canin-vet-diet-dog-hypoallergenic-moderate-calorie-14kg.html,Keep as review-safe estimate until official label kcal is found.
royal-canin-vet-diet-dog-renal-dog-dry-gr-gatoskilo,Royal Canin,Vet Diet Dog Renal,dog,dry,382.6,3826,kcal_estimated=true; kcal_estimation_method=modified_atwater; estimated_carbohydrate_percent=51.6,https://www.gatoskilo.gr/kliniki-ksiri-trofi-skyloy/22277-royal-canin-vet-diet-dog-renal-14kg.html,Keep as review-safe estimate until official label kcal is found.
royal-canin-vet-diet-dog-renal-special-dog-dry-gr-gatoskilo,Royal Canin,Vet Diet Dog Renal Special,dog,dry,370.9,3709,kcal_estimated=true; kcal_estimation_method=modified_atwater; estimated_carbohydrate_percent=54.1,https://www.gatoskilo.gr/kliniki-ksiri-trofi-skyloy/22279-royal-canin-vet-diet-dog-renal-special-10kg.html,Keep as review-safe estimate until official label kcal is found.
royal-canin-vet-diet-dog-urinary-s-o-dog-dry-gr-gatoskilo,Royal Canin,Vet Diet Dog Urinary S/O,dog,dry,369.9,3699,kcal_estimated=true; kcal_estimation_method=modified_atwater; estimated_carbohydrate_percent=46.4,https://www.gatoskilo.gr/kliniki-ksiri-trofi-skyloy/22291-royal-canin-vet-diet-dog-urinary-s-o-13kg.html,Keep as review-safe estimate until official label kcal is found.
royal-canin-vet-diet-dog-urinary-uc-low-p-dog-dry-gr-gatoskilo,Royal Canin,Vet Diet Dog Urinary UC Low P,dog,dry,363.8,3638,kcal_estimated=true; kcal_estimation_method=modified_atwater; estimated_carbohydrate_percent=49.5,https://www.gatoskilo.gr/kliniki-ksiri-trofi-skyloy/22295-royal-canin-vet-diet-dog-urinary-uc-low-p-14kg.html,Keep as review-safe estimate until official label kcal is found.
royal-canin-vet-diet-puppy-gastrointestinal-dog-dry-gr-gatoskilo,Royal Canin,Vet Diet Puppy GastroIntestinal,dog,dry,287.3,2873,kcal_estimated=true; kcal_estimation_method=modified_atwater; estimated_carbohydrate_percent=50.9,https://www.gatoskilo.gr/kliniki-ksiri-trofi-skyloy/22255-royal-canin-vet-diet-puppy-gastrointestinal-1kg.html,Keep as review-safe estimate until official label kcal is found.
royal-canin-vet-diet-small-dog-hypoallergenic-dog-dry-gr-gatoskilo,Royal Canin,Vet Diet Small Dog Hypoallergenic,dog,dry,362.5,3625,kcal_estimated=true; kcal_estimation_method=modified_atwater; estimated_carbohydrate_percent=40.7,https://www.gatoskilo.gr/kliniki-ksiri-trofi-skyloy/22240-royal-canin-vet-diet-small-dog-hypoallergenic-1kg.html,Keep as review-safe estimate until official label kcal is found.
royal-canin-vet-diet-small-dog-renal-dog-dry-gr-gatoskilo,Royal Canin,Vet Diet Small Dog Renal,dog,dry,382.6,3826,kcal_estimated=true; kcal_estimation_method=modified_atwater; estimated_carbohydrate_percent=51.6,https://www.gatoskilo.gr/kliniki-ksiri-trofi-skyloy/22271-royal-canin-vet-diet-small-dog-renal-15kg.html,Keep as review-safe estimate until official label kcal is found.
royal-canin-vet-diet-small-dog-skin-care-dog-dry-gr-gatoskilo,Royal Canin,Vet Diet Small Dog Skin Care,dog,dry,369.5,3695,kcal_estimated=true; kcal_estimation_method=modified_atwater; estimated_carbohydrate_percent=41.7,https://www.gatoskilo.gr/kliniki-ksiri-trofi-skyloy/22247-royal-canin-vet-diet-small-dog-skin-care-2kg.html,Keep as review-safe estimate until official label kcal is found.
royal-canin-vet-diet-urinary-s-o-small-dog-dog-dry-gr-gatoskilo,Royal Canin,Vet Diet Urinary S/O Small Dog,dog,dry,367.1,3671,kcal_estimated=true; kcal_estimation_method=modified_atwater; estimated_carbohydrate_percent=43.6,https://www.gatoskilo.gr/kliniki-ksiri-trofi-skyloy/27165-royal-canin-vet-diet-urinary-s-o-small-dog-15kg.html,Keep as review-safe estimate until official label kcal is found.
royal-canin-xsmall-adult-dog-dry-gr-gatoskilo,Royal Canin,Xsmall Adult,dog,dry,379.5,3795,kcal_estimated=true; kcal_estimation_method=modified_atwater; estimated_carbohydrate_percent=40.7,https://www.gatoskilo.gr/ksira-trofi-skyloy/4699-royal-canin-xsmall-adult-500gr.html,Keep as review-safe estimate until official label kcal is found.
royal-canin-yorkshire-adult-dog-dry-gr-gatoskilo,Royal Canin,Yorkshire Adult,dog,dry,376.6,3766,kcal_estimated=true; kcal_estimation_method=modified_atwater; estimated_carbohydrate_percent=35.9,https://www.gatoskilo.gr/ksira-trofi-skyloy/5148-royal-canin-yorkshire-adult-500gr.html,Keep as review-safe estimate until official label kcal is found.
royal-canin-yorkshire-junior-dog-dry-gr-gatoskilo,Royal Canin,Yorkshire Junior,dog,dry,386,3860,kcal_estimated=true; kcal_estimation_method=modified_atwater; estimated_carbohydrate_percent=32.7,https://www.gatoskilo.gr/ksira-trofi-skyloy/4695-royal-canin-yorkshire-junior-500gr.html,Keep as review-safe estimate until official label kcal is found.
versele-laga-classic-dog-duo-krok-dog-dry-gr-gatoskilo,Versele Laga,Classic Dog Duo Krok,dog,dry,320,3200,kcal_estimated=true; kcal_estimation_method=modified_atwater; estimated_carbohydrate_percent=50,https://www.gatoskilo.gr/ksira-trofi-skyloy/10625-versele-laga-classic-dog-duo-krok-20kg.html,Keep as review-safe estimate until official label kcal is found.
versele-laga-classic-dog-lamb-and-rice-dog-dry-gr-gatoskilo,Versele Laga,Classic Dog Lamb & Rice,dog,dry,331.8,3318,kcal_estimated=true; kcal_estimation_method=modified_atwater; estimated_carbohydrate_percent=48.5,https://www.gatoskilo.gr/ksira-trofi-skyloy/10629-versele-laga-classic-dog-lamb-rice-20kg.html,Keep as review-safe estimate until official label kcal is found.
versele-laga-happy-life-essential-adult-dog-dry-gr-gatoskilo,Versele Laga,Happy Life Essential Adult,dog,dry,340,3400,kcal_estimated=true; kcal_estimation_method=modified_atwater; estimated_carbohydrate_percent=43,https://www.gatoskilo.gr/ksira-trofi-skyloy/10672-versele-laga-happy-life-essential-adult-20kg.html,Keep as review-safe estimate until official label kcal is found.
viozois-mister-dog-dog-dry-gr-gatoskilo,Viozois,Mister Dog,dog,dry,333.7,3337,kcal_estimated=true; kcal_estimation_method=modified_atwater; estimated_carbohydrate_percent=42.2,https://www.gatoskilo.gr/ksira-trofi-skyloy/4529-viozois-mister-dog-20kg.html,Keep as review-safe estimate until official label kcal is found.
